rank,token,count,freq
1,a,40479,0.03883097
2,o,39206,0.03760980
3,e,36062,0.03459380
4,de,30521,0.02927840
5,do,29759,0.02854742
6,ra,20809,0.01996180
7,se,20367,0.01953780
8,que,16733,0.01605175
9,da,16286,0.01562295
10,es,16098,0.01544260
11,te,15093,0.01447852
12,ta,13414,0.01286787
13,to,12598,0.01208510
14,ma,11329,0.01086776
15,pa,11106,0.01065384
16,re,9451,0.00906622
17,co,9095,0.00872471
18,ca,8949,0.00858466
19,va,8645,0.00829304
20,sa,8301,0.00796304
21,le,7432,0.00712942
22,as,7407,0.00710544
23,so,7285,0.00698841
24,os,7203,0.00690974
25,pe,7078,0.00678983
26,ti,6588,0.00631978
27,em,6486,0.00622193
28,mo,6417,0.00615574
29,um,6417,0.00615574
30,na,6207,0.00595429
31,dos,6166,0.00591496
32,nã,6113,0.00586412
33,ram,6095,0.00584685
34,no,6009,0.00576436
35,me,5974,0.00573078
36,la,5914,0.00567322
37,u,5795,0.00555907
38,go,5571,0.00534419
39,men,5489,0.00526553
40,con,5386,0.00516672
41,dis,5358,0.00513986
42,ou,5266,0.00505160
43,po,5245,0.00503146
44,en,5156,0.00494608
45,m,5147,0.00493745
46,ro,4725,0.00453263
47,com,4641,0.00445205
48,vo,4621,0.00443286
49,mi,4318,0.00414220
50,por,4288,0.00411342
51,ve,4144,0.00397528
52,tra,4139,0.00397049
53,di,3915,0.00375561
54,das,3913,0.00375369
55,i,3862,0.00370477
56,lo,3858,0.00370093
57,vi,3824,0.00366831
58,des,3815,0.00365968
59,mos,3625,0.00347742
60,mas,3584,0.00343808
61,p,3537,0.00339300
62,al,3506,0.00336326
63,mais,3462,0.00332105
64,res,3405,0.00326637
65,li,3220,0.00308890
66,n,3215,0.00308411
67,é,3214,0.00308315
68,nos,3115,0.00298818
69,an,2994,0.00287210
70,fa,2957,0.00283661
71,ci,2935,0.00281551
72,c,2925,0.00280591
73,ria,2901,0.00278289
74,nha,2865,0.00274836
75,cu,2830,0.00271478
76,g,2825,0.00270999
77,ga,2788,0.00267449
78,ter,2718,0.00260734
79,les,2706,0.00259583
80,tos,2706,0.00259583
81,nas,2611,0.00250470
82,per,2543,0.00243947
83,ça,2522,0.00241932
84,mui,2508,0.00240589
85,ne,2481,0.00237999
86,ver,2480,0.00237903
87,vam,2480,0.00237903
88,si,2345,0.00224953
89,tes,2344,0.00224857
90,pre,2290,0.00219677
91,çã,2281,0.00218813
92,ce,2199,0.00210947
93,quan,2179,0.00209029
94,sua,2142,0.00205479
95,ri,2136,0.00204904
96,on,2124,0.00203753
97,for,2104,0.00201834
98,fro,2103,0.00201738
99,b,2040,0.00195695
100,ar,2023,0.00194064
101,d,2021,0.00193872
102,tã,2018,0.00193584
103,seu,1976,0.00189555
104,tas,1971,0.00189075
105,bre,1966,0.00188596
106,tou,1958,0.00187828
107,cor,1955,0.00187541
108,fo,1953,0.00187349
109,tem,1930,0.00185142
110,lha,1923,0.00184471
111,tan,1901,0.00182360
112,sem,1889,0.00181209
113,sen,1876,0.00179962
114,tu,1831,0.00175645
115,cê,1826,0.00175166
116,be,1783,0.00171041
117,ho,1777,0.00170465
118,mes,1769,0.00169698
119,tre,1761,0.00168930
120,in,1744,0.00167300
121,pois,1719,0.00164901
122,or,1715,0.00164518
123,tar,1703,0.00163367
124,pro,1694,0.00162503
125,ros,1684,0.00161544
126,bo,1683,0.00161448
127,nho,1678,0.00160968
128,ser,1675,0.00160681
129,ran,1675,0.00160681
130,ras,1670,0.00160201
131,ã,1660,0.00159242
132,pas,1656,0.00158858
133,foi,1645,0.00157803
134,dor,1638,0.00157131
135,cia,1632,0.00156556
136,tro,1607,0.00154157
137,lho,1589,0.00152431
138,ni,1586,0.00152143
139,sam,1556,0.00149265
140,tá,1546,0.00148306
141,ba,1537,0.00147442
142,can,1501,0.00143989
143,su,1499,0.00143797
144,té,1495,0.00143413
145,rei,1487,0.00142646
146,dia,1477,0.00141687
147,via,1468,0.00140823
148,eu,1463,0.00140344
149,gran,1447,0.00138809
150,t,1441,0.00138233
151,pi,1439,0.00138041
152,gu,1427,0.00136890
153,las,1423,0.00136507
154,pos,1416,0.00135835
155,pen,1414,0.00135643
156,qui,1406,0.00134876
157,sas,1379,0.00132286
158,vez,1338,0.00128353
159,gar,1333,0.00127873
160,rá,1325,0.00127106
161,cha,1321,0.00126722
162,dei,1309,0.00125571
163,ves,1297,0.00124420
164,sim,1288,0.00123556
165,che,1274,0.00122213
166,ja,1272,0.00122021
167,sã,1260,0.00120870
168,ten,1260,0.00120870
169,l,1254,0.00120295
170,lu,1234,0.00118376
171,à,1227,0.00117705
172,ain,1189,0.00114059
173,dalf,1189,0.00114059
174,á,1187,0.00113867
175,is,1180,0.00113196
176,í,1173,0.00112524
177,seus,1166,0.00111853
178,lhos,1165,0.00111757
179,cer,1162,0.00111469
180,fi,1153,0.00110606
181,vol,1144,0.00109742
182,ha,1142,0.00109551
183,cos,1136,0.00108975
184,coi,1131,0.00108495
185,fe,1123,0.00107728
186,par,1120,0.00107440
187,man,1120,0.00107440
188,den,1117,0.00107152
189,du,1088,0.00104370
190,los,1082,0.00103795
191,car,1063,0.00101972
192,zer,1061,0.00101780
193,sar,1056,0.00101301
194,lon,1041,0.00099862
195,ru,1032,0.00098998
196,mor,1012,0.00097080
197,qual,1009,0.00096792
198,quer,997,0.00095641
199,tor,994,0.00095353
200,bra,987,0.00094682
201,rou,976,0.00093626
202,mens,975,0.00093530
203,der,973,0.00093339
204,pon,972,0.00093243
205,mar,963,0.00092379
206,som,962,0.00092283
207,v,960,0.00092092
208,gos,951,0.00091228
209,hob,936,0.00089789
210,van,926,0.00088830
211,im,918,0.00088063
212,cen,913,0.00087583
213,vel,903,0.00086624
214,bem,896,0.00085952
215,nham,891,0.00085472
216,nu,879,0.00084321
217,lá,876,0.00084034
218,ber,873,0.00083746
219,gorn,872,0.00083650
220,tam,865,0.00082978
221,ço,859,0.00082403
222,pou,855,0.00082019
223,cio,851,0.00081635
224,gua,843,0.00080868
225,lhe,842,0.00080772
226,rio,841,0.00080676
227,pu,838,0.00080388
228,mu,838,0.00080388
229,gem,832,0.00079813
230,cou,826,0.00079237
231,gan,826,0.00079237
232,lar,822,0.00078853
233,nor,819,0.00078566
234,gi,818,0.00078470
235,cho,815,0.00078182
236,fos,814,0.00078086
237,tal,812,0.00077894
238,já,810,0.00077702
239,pri,808,0.00077510
240,nal,794,0.00076167
241,za,792,0.00075976
242,h,791,0.00075880
243,mã,791,0.00075880
244,sou,789,0.00075688
245,noi,785,0.00075304
246,mir,775,0.00074345
247,nhas,770,0.00073865
248,bits,767,0.00073577
249,jo,764,0.00073290
250,bai,751,0.00072042
251,nhor,747,0.00071659
252,lei,745,0.00071467
253,ven,745,0.00071467
254,fei,743,0.00071275
255,er,742,0.00071179
256,pin,742,0.00071179
257,trás,740,0.00070987
258,zen,737,0.00070699
259,gri,736,0.00070604
260,ex,730,0.00070028
261,mon,727,0.00069740
262,pró,726,0.00069644
263,tros,713,0.00068397
264,sos,707,0.00067822
265,ntã,700,0.00067150
266,ge,694,0.00066575
267,bri,684,0.00065615
268,suas,680,0.00065232
269,zes,673,0.00064560
270,ren,670,0.00064272
271,el,668,0.00064080
272,sol,667,0.00063984
273,nel,663,0.00063601
274,lhas,663,0.00063601
275,meu,661,0.00063409
276,luz,656,0.00062929
277,ceu,651,0.00062450
278,fu,647,0.00062066
279,xi,646,0.00061970
280,cla,646,0.00061970
281,bém,640,0.00061394
282,ol,635,0.00060915
283,qua,633,0.00060723
284,ár,630,0.00060435
285,há,630,0.00060435
286,cas,626,0.00060051
287,len,624,0.00059860
288,bi,623,0.00059764
289,rar,619,0.00059380
290,rem,614,0.00058900
291,deu,606,0.00058133
292,lan,597,0.00057269
293,pes,591,0.00056694
294,gra,591,0.00056694
295,xa,590,0.00056598
296,num,581,0.00055735
297,gun,578,0.00055447
298,pres,569,0.00054583
299,cin,562,0.00053912
300,bran,560,0.00053720
301,ip,560,0.00053720
302,gou,556,0.00053336
303,fun,554,0.00053144
304,lhan,551,0.00052857
305,zi,548,0.00052569
306,dar,542,0.00051993
307,nem,542,0.00051993
308,cês,523,0.00050171
309,san,522,0.00050075
310,sei,522,0.00050075
311,mei,513,0.00049211
312,bar,512,0.00049115
313,fren,512,0.00049115
314,ças,505,0.00048444
315,vin,491,0.00047101
316,orcs,487,0.00046717
317,vai,487,0.00046717
318,sob,486,0.00046621
319,dois,480,0.00046046
320,gui,478,0.00045854
321,viu,478,0.00045854
322,lum,477,0.00045758
323,dra,475,0.00045566
324,nes,474,0.00045470
325,tó,471,0.00045182
326,mal,471,0.00045182
327,xo,468,0.00044895
328,gol,467,0.00044799
329,sur,459,0.00044031
330,vou,459,0.00044031
331,lém,452,0.00043360
332,dian,449,0.00043072
333,erry,449,0.00043072
334,sul,448,0.00042976
335,çõ,447,0.00042880
336,val,447,0.00042880
337,ses,446,0.00042784
338,ir,445,0.00042688
339,tin,443,0.00042496
340,nun,443,0.00042496
341,tei,442,0.00042400
342,só,441,0.00042305
343,dias,437,0.00041921
344,nós,435,0.00041729
345,mer,434,0.00041633
346,úl,432,0.00041441
347,guém,430,0.00041249
348,riam,429,0.00041153
349,dã,424,0.00040674
350,voz,423,0.00040578
351,vés,422,0.00040482
352,guns,421,0.00040386
353,sal,420,0.00040290
354,cam,416,0.00039906
355,il,408,0.00039139
356,rã,404,0.00038755
357,nhe,401,0.00038467
358,meio,398,0.00038180
359,ju,398,0.00038180
360,vem,398,0.00038180
361,gum,398,0.00038180
362,guar,398,0.00038180
363,çou,396,0.00037988
364,om,396,0.00037988
365,tir,393,0.00037700
366,dan,391,0.00037508
367,tri,388,0.00037220
368,quem,378,0.00036261
369,rí,377,0.00036165
370,zia,376,0.00036069
371,am,375,0.00035973
372,his,374,0.00035877
373,vas,374,0.00035877
374,ces,371,0.00035590
375,lhou,370,0.00035494
376,ú,368,0.00035302
377,nou,367,0.00035206
378,pla,365,0.00035014
379,sá,354,0.00033959
380,vis,352,0.00033767
381,pra,352,0.00033767
382,ban,349,0.00033479
383,mem,347,0.00033287
384,vá,346,0.00033191
385,dem,343,0.00032904
386,cur,342,0.00032808
387,jun,342,0.00032808
388,lou,341,0.00032712
389,dou,341,0.00032712
390,mun,339,0.00032520
391,ze,335,0.00032136
392,nhum,332,0.00031848
393,ron,331,0.00031752
394,cres,329,0.00031561
395,trar,328,0.00031465
396,sr,327,0.00031369
397,cre,326,0.00031273
398,vras,325,0.00031177
399,gas,324,0.00031081
400,lhor,322,0.00030889
401,ob,321,0.00030793
402,chã,319,0.00030601
403,tras,318,0.00030505
404,sta,317,0.00030409
405,pés,314,0.00030122
406,mou,312,0.00029930
407,tí,304,0.00029162
408,rias,303,0.00029066
409,bia,303,0.00029066
410,fen,300,0.00028779
411,sus,300,0.00028779
412,pé,300,0.00028779
413,nar,299,0.00028683
414,lín,298,0.00028587
415,nei,297,0.00028491
416,nhos,296,0.00028395
417,sí,296,0.00028395
418,ois,292,0.00028011
419,dú,291,0.00027915
420,tiu,291,0.00027915
421,flo,290,0.00027819
422,han,285,0.00027340
423,gen,284,0.00027244
424,lhar,284,0.00027244
425,gre,283,0.00027148
426,lem,283,0.00027148
427,guer,281,0.00026956
428,bor,280,0.00026860
429,bras,278,0.00026668
430,gue,278,0.00026668
431,ços,278,0.00026668
432,lên,277,0.00026572
433,sau,276,0.00026476
434,mim,275,0.00026380
435,vã,271,0.00025997
436,reu,269,0.00025805
437,bu,267,0.00025613
438,bom,264,0.00025325
439,fez,264,0.00025325
440,nin,262,0.00025133
441,hor,261,0.00025037
442,trou,260,0.00024941
443,tran,257,0.00024654
444,au,256,0.00024558
445,ní,255,0.00024462
446,ciam,255,0.00024462
447,xe,254,0.00024366
448,rin,253,0.00024270
449,tru,252,0.00024174
450,lhes,252,0.00024174
451,sor,250,0.00023982
452,vos,250,0.00023982
453,nhã,248,0.00023790
454,ei,247,0.00023694
455,veio,246,0.00023598
456,céu,245,0.00023503
457,guei,245,0.00023503
458,j,244,0.00023407
459,nan,244,0.00023407
460,três,240,0.00023023
461,veis,240,0.00023023
462,guia,239,0.00022927
463,tia,239,0.00022927
464,viam,238,0.00022831
465,nhei,237,0.00022735
466,dá,236,0.00022639
467,maior,236,0.00022639
468,nú,235,0.00022543
469,çan,235,0.00022543
470,quen,233,0.00022351
471,pei,233,0.00022351
472,vir,233,0.00022351
473,guas,231,0.00022160
474,je,230,0.00022064
475,dir,230,0.00022064
476,bit,229,0.00021968
477,cil,228,0.00021872
478,cei,227,0.00021776
479,quei,226,0.00021680
480,cul,225,0.00021584
481,cui,225,0.00021584
482,ín,223,0.00021392
483,cons,223,0.00021392
484,rien,219,0.00021008
485,fre,218,0.00020912
486,gens,217,0.00020817
487,él,216,0.00020721
488,fra,216,0.00020721
489,he,214,0.00020529
490,tân,214,0.00020529
491,ui,213,0.00020433
492,às,210,0.00020145
493,hé,209,0.00020049
494,giã,209,0.00020049
495,mis,208,0.00019953
496,duas,208,0.00019953
497,var,207,0.00019857
498,jan,204,0.00019569
499,diam,203,0.00019474
500,cias,202,0.00019378
501,bas,202,0.00019378
502,rios,201,0.00019282
503,dil,201,0.00019282
504,guir,201,0.00019282
505,tris,200,0.00019186
506,pá,199,0.00019090
507,pô,196,0.00018802
508,nõ,194,0.00018610
509,pai,194,0.00018610
510,meus,193,0.00018514
511,sis,192,0.00018418
512,prio,192,0.00018418
513,chas,192,0.00018418
514,jar,190,0.00018226
515,cien,189,0.00018131
516,fer,189,0.00018131
517,guin,187,0.00017939
518,lrond,187,0.00017939
519,dras,187,0.00017939
520,nua,186,0.00017843
521,tú,185,0.00017747
522,ple,185,0.00017747
523,bro,184,0.00017651
524,trans,182,0.00017459
525,ia,181,0.00017363
526,ó,180,0.00017267
527,pria,178,0.00017075
528,hou,177,0.00016979
529,né,177,0.00016979
530,bos,176,0.00016883
531,xér,176,0.00016883
532,sin,175,0.00016788
533,xou,174,0.00016692
534,bár,174,0.00016692
535,cria,173,0.00016596
536,vens,172,0.00016500
537,net,172,0.00016500
538,ques,170,0.00016308
539,rith,169,0.00016212
540,quie,168,0.00016116
541,paz,167,0.00016020
542,gard,167,0.00016020
543,tis,166,0.00015924
544,rior,166,0.00015924
545,bin,166,0.00015924
546,reis,165,0.00015828
547,çar,165,0.00015828
548,plo,165,0.00015828
549,xis,163,0.00015636
550,má,163,0.00015636
551,gro,163,0.00015636
552,smé,163,0.00015636
553,maio,162,0.00015540
554,sso,162,0.00015540
555,tron,162,0.00015540
556,zem,162,0.00015540
557,giu,162,0.00015540
558,ral,161,0.00015445
559,cal,161,0.00015445
560,mí,160,0.00015349
561,sio,159,0.00015253
562,cau,159,0.00015253
563,mur,159,0.00015253
564,prin,158,0.00015157
565,dur,158,0.00015157
566,nhu,156,0.00014965
567,fí,156,0.00014965
568,vie,156,0.00014965
569,cie,156,0.00014965
570,gros,154,0.00014773
571,far,154,0.00014773
572,nhar,154,0.00014773
573,jam,153,0.00014677
574,min,153,0.00014677
575,tur,153,0.00014677
576,chu,153,0.00014677
577,lin,152,0.00014581
578,fron,152,0.00014581
579,frio,152,0.00014581
580,caiu,152,0.00014581
581,xer,151,0.00014485
582,ziam,151,0.00014485
583,pal,150,0.00014389
584,tais,149,0.00014293
585,gia,149,0.00014293
586,liz,149,0.00014293
587,chi,147,0.00014102
588,riu,146,0.00014006
589,von,145,0.00013910
590,lua,144,0.00013814
591,dio,143,0.00013718
592,bus,143,0.00013718
593,pip,143,0.00013718
594,lí,142,0.00013622
595,scu,142,0.00013622
596,rom,142,0.00013622
597,jei,141,0.00013526
598,sil,141,0.00013526
599,trei,141,0.00013526
600,vê,140,0.00013430
601,cri,139,0.00013334
602,ents,139,0.00013334
603,rên,138,0.00013238
604,diz,138,0.00013238
605,un,137,0.00013142
606,vra,137,0.00013142
607,tõ,137,0.00013142
608,ben,137,0.00013142
609,ná,136,0.00013046
610,fan,136,0.00013046
611,têm,135,0.00012950
612,chan,134,0.00012854
613,fas,134,0.00012854
614,mó,133,0.00012759
615,mé,132,0.00012663
616,mam,132,0.00012663
617,gam,132,0.00012663
618,quar,132,0.00012663
619,beu,132,0.00012663
620,briu,132,0.00012663
621,quais,130,0.00012471
622,orc,130,0.00012471
623,gru,129,0.00012375
624,cial,129,0.00012375
625,rer,129,0.00012375
626,sig,127,0.00012183
627,bis,127,0.00012183
628,xar,126,0.00012087
629,cem,125,0.00011991
630,uns,123,0.00011799
631,guiam,123,0.00011799
632,owyn,123,0.00011799
633,gon,122,0.00011703
634,guiu,121,0.00011607
635,gir,121,0.00011607
636,lia,120,0.00011511
637,pí,120,0.00011511
638,pren,118,0.00011320
639,brin,118,0.00011320
640,char,117,0.00011224
641,chei,117,0.00011224
642,cair,117,0.00011224
643,bol,116,0.00011128
644,hir,116,0.00011128
645,trá,115,0.00011032
646,duin,113,0.00010840
647,dain,113,0.00010840
648,cá,113,0.00010840
649,stá,113,0.00010840
650,tom,112,0.00010744
651,tê,110,0.00010552
652,zas,110,0.00010552
653,rim,110,0.00010552
654,ror,110,0.00010552
655,ble,109,0.00010456
656,stra,108,0.00010360
657,ins,107,0.00010264
658,xan,107,0.00010264
659,prios,106,0.00010168
660,lam,106,0.00010168
661,cli,105,0.00010073
662,pan,105,0.00010073
663,lig,105,0.00010073
664,pul,104,0.00009977
665,merry,104,0.00009977
666,gueu,104,0.00009977
667,gim,104,0.00009977
668,rui,103,0.00009881
669,gor,103,0.00009881
670,deia,103,0.00009881
671,lor,103,0.00009881
672,sun,102,0.00009785
673,nhan,102,0.00009785
674,saiu,102,0.00009785
675,lã,102,0.00009785
676,ceio,102,0.00009785
677,ad,101,0.00009689
678,nais,101,0.00009689
679,cheio,101,0.00009689
680,don,101,0.00009689
681,pó,100,0.00009593
682,vio,100,0.00009593
683,biam,99,0.00009497
684,faz,99,0.00009497
685,deus,99,0.00009497
686,dez,98,0.00009401
687,ais,98,0.00009401
688,biu,98,0.00009401
689,fim,98,0.00009401
690,pron,97,0.00009305
691,gras,97,0.00009305
692,pli,96,0.00009209
693,til,96,0.00009209
694,ris,96,0.00009209
695,cír,96,0.00009209
696,driel,95,0.00009113
697,fria,95,0.00009113
698,her,94,0.00009017
699,nen,94,0.00009017
700,bros,94,0.00009017
701,chou,94,0.00009017
702,lhei,94,0.00009017
703,pós,94,0.00009017
704,gei,93,0.00008921
705,gin,93,0.00008921
706,sel,93,0.00008921
707,stou,93,0.00008921
708,bou,92,0.00008825
709,lé,92,0.00008825
710,bria,91,0.00008730
711,ort,91,0.00008730
712,rad,90,0.00008634
713,sair,90,0.00008634
714,sca,90,0.00008634
715,bru,88,0.00008442
716,spe,87,0.00008346
717,vro,86,0.00008250
718,gis,86,0.00008250
719,cris,86,0.00008250
720,bir,86,0.00008250
721,fes,85,0.00008154
722,wi,85,0.00008154
723,bei,85,0.00008154
724,pás,85,0.00008154
725,ló,84,0.00008058
726,brar,84,0.00008058
727,ul,84,0.00008058
728,néis,83,0.00007962
729,tiam,83,0.00007962
730,ples,83,0.00007962
731,nhia,83,0.00007962
732,hanc,83,0.00007962
733,fá,82,0.00007866
734,diu,82,0.00007866
735,sé,81,0.00007770
736,mú,80,0.00007674
737,jul,80,0.00007674
738,gul,80,0.00007674
739,fal,79,0.00007578
740,bil,78,0.00007482
741,hon,78,0.00007482
742,bios,77,0.00007387
743,ziu,77,0.00007387
744,gria,77,0.00007387
745,gond,77,0.00007387
746,pio,76,0.00007291
747,cai,76,0.00007291
748,pús,76,0.00007291
749,cap,75,0.00007195
750,ah,75,0.00007195
751,teu,75,0.00007195
752,çam,75,0.00007195
753,fax,75,0.00007195
754,ya,75,0.00007195
755,iam,74,0.00007099
756,trom,74,0.00007099
757,jou,74,0.00007099
758,nuou,73,0.00007003
759,fres,73,0.00007003
760,cum,72,0.00006907
761,ril,72,0.00006907
762,pior,72,0.00006907
763,obs,71,0.00006811
764,cru,71,0.00006811
765,gá,71,0.00006811
766,nuar,71,0.00006811
767,lher,71,0.00006811
768,tua,70,0.00006715
769,brir,70,0.00006715
770,sú,70,0.00006715
771,vre,70,0.00006715
772,dens,70,0.00006715
773,s,69,0.00006619
774,fru,69,0.00006619
775,guen,69,0.00006619
776,neis,68,0.00006523
777,rai,68,0.00006523
778,cain,68,0.00006523
779,trai,67,0.00006427
780,ur,67,0.00006427
781,gil,67,0.00006427
782,roth,67,0.00006427
783,xos,66,0.00006331
784,rond,66,0.00006331
785,lien,66,0.00006331
786,lhi,65,0.00006235
787,nis,65,0.00006235
788,bio,65,0.00006235
789,cir,65,0.00006235
790,din,64,0.00006139
791,brias,64,0.00006139
792,zin,64,0.00006139
793,plan,63,0.00006044
794,nhou,63,0.00006044
795,elm,63,0.00006044
796,gio,62,0.00005948
797,pros,62,0.00005948
798,zar,62,0.00005948
799,grin,62,0.00005948
800,graus,62,0.00005948
801,zan,62,0.00005948
802,pis,62,0.00005948
803,fais,62,0.00005948
804,quis,61,0.00005852
805,guem,61,0.00005852
806,mul,61,0.00005852
807,xas,61,0.00005852
808,tio,61,0.00005852
809,sain,61,0.00005852
810,ste,60,0.00005756
811,ssa,60,0.00005756
812,lio,59,0.00005660
813,born,59,0.00005660
814,bes,59,0.00005660
815,lâ,59,0.00005660
816,gúl,59,0.00005660
817,orl,59,0.00005660
818,bon,59,0.00005660
819,mia,58,0.00005564
820,dí,58,0.00005564
821,brou,58,0.00005564
822,lad,58,0.00005564
823,cus,57,0.00005468
824,rês,57,0.00005468
825,quê,57,0.00005468
826,lim,57,0.00005468
827,bal,57,0.00005468
828,fon,56,0.00005372
829,sõ,56,0.00005372
830,jus,56,0.00005372
831,jor,56,0.00005372
832,xem,56,0.00005372
833,ós,56,0.00005372
834,pôr,56,0.00005372
835,glúk,56,0.00005372
836,rac,55,0.00005276
837,jos,55,0.00005276
838,nquan,55,0.00005276
839,chia,55,0.00005276
840,wen,55,0.00005276
841,fui,55,0.00005276
842,thé,55,0.00005276
843,prias,54,0.00005180
844,hi,54,0.00005180
845,vor,54,0.00005180
846,veu,54,0.00005180
847,meia,54,0.00005180
848,trui,54,0.00005180
849,cra,53,0.00005084
850,mil,53,0.00005084
851,uar,53,0.00005084
852,rion,53,0.00005084
853,crian,52,0.00004988
854,moi,52,0.00004988
855,cheia,52,0.00004988
856,trin,52,0.00004988
857,dê,52,0.00004988
858,tum,52,0.00004988
859,rau,52,0.00004988
860,xí,51,0.00004892
861,rel,51,0.00004892
862,giam,51,0.00004892
863,liên,51,0.00004892
864,blo,51,0.00004892
865,zir,50,0.00004796
866,tual,50,0.00004796
867,ai,50,0.00004796
868,chos,50,0.00004796
869,pã,50,0.00004796
870,miu,50,0.00004796
871,pim,50,0.00004796
872,hil,50,0.00004796
873,sha,50,0.00004796
874,pân,49,0.00004701
875,mons,49,0.00004701
876,pôs,49,0.00004701
877,dim,49,0.00004701
878,zul,49,0.00004701
879,mau,49,0.00004701
880,viou,49,0.00004701
881,oi,49,0.00004701
882,vau,49,0.00004701
883,liath,49,0.00004701
884,r,48,0.00004605
885,cruel,48,0.00004605
886,cios,47,0.00004509
887,fú,47,0.00004509
888,giõ,47,0.00004509
889,mbo,47,0.00004509
890,rua,47,0.00004509
891,nio,47,0.00004509
892,baia,47,0.00004509
893,ill,47,0.00004509
894,grat,47,0.00004509
895,lis,46,0.00004413
896,fri,46,0.00004413
897,zo,46,0.00004413
898,tên,46,0.00004413
899,sia,46,0.00004413
900,dre,46,0.00004413
901,doc,45,0.00004317
902,cô,45,0.00004317
903,del,45,0.00004317
904,ith,45,0.00004317
905,rir,44,0.00004221
906,jas,44,0.00004221
907,rme,44,0.00004221
908,ân,44,0.00004221
909,pia,44,0.00004221
910,có,44,0.00004221
911,vios,44,0.00004221
912,naz,44,0.00004221
913,sub,43,0.00004125
914,sse,43,0.00004125
915,dam,43,0.00004125
916,luar,43,0.00004125
917,lheu,43,0.00004125
918,aus,43,0.00004125
919,quên,42,0.00004029
920,hos,42,0.00004029
921,vul,42,0.00004029
922,viar,42,0.00004029
923,brio,42,0.00004029
924,lóin,42,0.00004029
925,thi,42,0.00004029
926,har,41,0.00003933
927,hu,41,0.00003933
928,k,41,0.00003933
929,bres,41,0.00003933
930,raio,41,0.00003933
931,gian,41,0.00003933
932,nuo,41,0.00003933
933,pau,40,0.00003837
934,trolls,40,0.00003837
935,bons,40,0.00003837
936,ler,40,0.00003837
937,reth,40,0.00003837
938,ent,40,0.00003837
939,õ,40,0.00003837
940,ntre,39,0.00003741
941,cies,39,0.00003741
942,gã,39,0.00003741
943,rat,39,0.00003741
944,pec,39,0.00003741
945,sai,39,0.00003741
946,cí,39,0.00003741
947,xaus,39,0.00003741
948,dûr,38,0.00003645
949,fin,38,0.00003645
950,cruéis,38,0.00003645
951,horn,38,0.00003645
952,ias,37,0.00003549
953,nó,37,0.00003549
954,gó,37,0.00003549
955,wes,37,0.00003549
956,truir,37,0.00003549
957,quin,37,0.00003549
958,seis,37,0.00003549
959,raios,37,0.00003549
960,ís,36,0.00003453
961,bli,36,0.00003453
962,pur,36,0.00003453
963,diõ,36,0.00003453
964,cian,36,0.00003453
965,briam,36,0.00003453
966,pian,36,0.00003453
967,mith,36,0.00003453
968,hum,36,0.00003453
969,ii,35,0.00003358
970,guis,35,0.00003358
971,cheios,35,0.00003358
972,xá,35,0.00003358
973,nia,35,0.00003358
974,vim,35,0.00003358
975,fle,35,0.00003358
976,zio,35,0.00003358
977,bel,35,0.00003358
978,ás,35,0.00003358
979,rô,35,0.00003358
980,loz,35,0.00003358
981,cua,35,0.00003358
982,glês,34,0.00003262
983,ger,34,0.00003262
984,úk,34,0.00003262
985,gres,34,0.00003262
986,vêm,34,0.00003262
987,zê,34,0.00003262
988,fol,34,0.00003262
989,nákh,34,0.00003262
990,vaus,34,0.00003262
991,mum,33,0.00003166
992,puz,33,0.00003166
993,sons,33,0.00003166
994,cuou,33,0.00003166
995,rém,33,0.00003166
996,peu,33,0.00003166
997,nir,33,0.00003166
998,ndel,33,0.00003166
999,rie,32,0.00003070
1000,pel,32,0.00003070
1001,chim,32,0.00003070
1002,ceia,32,0.00003070
1003,jum,32,0.00003070
1004,prei,32,0.00003070
1005,xeu,32,0.00003070
1006,oh,32,0.00003070
1007,más,32,0.00003070
1008,dui,32,0.00003070
1009,dên,31,0.00002974
1010,dum,31,0.00002974
1011,ang,31,0.00002974
1012,grau,31,0.00002974
1013,z,31,0.00002974
1014,rais,31,0.00002974
1015,ciar,31,0.00002974
1016,dron,31,0.00002974
1017,diã,31,0.00002974
1018,stre,31,0.00002974
1019,lhem,31,0.00002974
1020,myn,31,0.00002974
1021,glo,31,0.00002974
1022,w,30,0.00002878
1023,miam,30,0.00002878
1024,zã,30,0.00002878
1025,gias,30,0.00002878
1026,ruim,30,0.00002878
1027,spec,30,0.00002878
1028,fur,30,0.00002878
1029,fia,30,0.00002878
1030,chor,30,0.00002878
1031,y,30,0.00002878
1032,lân,30,0.00002878
1033,bag,30,0.00002878
1034,red,29,0.00002782
1035,bur,29,0.00002782
1036,tram,29,0.00002782
1037,ciou,29,0.00002782
1038,siã,29,0.00002782
1039,ot,29,0.00002782
1040,dig,29,0.00002782
1041,jen,29,0.00002782
1042,lõ,29,0.00002782
1043,bam,29,0.00002782
1044,uil,29,0.00002782
1045,uer,28,0.00002686
1046,niã,28,0.00002686
1047,ab,28,0.00002686
1048,oth,28,0.00002686
1049,lias,28,0.00002686
1050,dro,28,0.00002686
1051,bé,28,0.00002686
1052,vei,28,0.00002686
1053,vres,28,0.00002686
1054,ré,28,0.00002686
1055,brup,28,0.00002686
1056,nig,28,0.00002686
1057,traz,28,0.00002686
1058,ncon,28,0.00002686
1059,lian,27,0.00002590
1060,gên,27,0.00002590
1061,it,27,0.00002590
1062,dé,27,0.00002590
1063,cheu,27,0.00002590
1064,nath,27,0.00002590
1065,stã,27,0.00002590
1066,síg,27,0.00002590
1067,nuas,27,0.00002590
1068,lâm,27,0.00002590
1069,gló,27,0.00002590
1070,az,27,0.00002590
1071,rish,27,0.00002590
1072,nios,26,0.00002494
1073,mê,26,0.00002494
1074,drã,26,0.00002494
1075,tô,26,0.00002494
1076,hós,26,0.00002494
1077,raiz,26,0.00002494
1078,chen,26,0.00002494
1079,prie,26,0.00002494
1080,dris,26,0.00002494
1081,rín,26,0.00002494
1082,áin,26,0.00002494
1083,hain,25,0.00002398
1084,vies,25,0.00002398
1085,mês,25,0.00002398
1086,qü,25,0.00002398
1087,rod,25,0.00002398
1088,trã,25,0.00002398
1089,maus,25,0.00002398
1090,sex,25,0.00002398
1091,teis,24,0.00002302
1092,cais,24,0.00002302
1093,xes,24,0.00002302
1094,rian,24,0.00002302
1095,péu,24,0.00002302
1096,vô,24,0.00002302
1097,jes,24,0.00002302
1098,gios,24,0.00002302
1099,tuan,24,0.00002302
1100,fras,24,0.00002302
1101,lím,24,0.00002302
1102,clan,24,0.00002302
1103,radh,24,0.00002302
1104,non,24,0.00002302
1105,ntá,24,0.00002302
1106,gel,24,0.00002302
1107,lda,24,0.00002302
1108,lion,24,0.00002302
1109,f,23,0.00002206
1110,pers,23,0.00002206
1111,cheias,23,0.00002206
1112,rma,23,0.00002206
1113,stes,23,0.00002206
1114,plas,23,0.00002206
1115,trê,23,0.00002206
1116,xei,23,0.00002206
1117,vil,23,0.00002206
1118,gal,23,0.00002206
1119,fô,23,0.00002206
1120,has,23,0.00002206
1121,hen,23,0.00002206
1122,dol,23,0.00002206
1123,luin,23,0.00002206
1124,ath,23,0.00002206
1125,col,22,0.00002110
1126,ciên,22,0.00002110
1127,nún,22,0.00002110
1128,sias,22,0.00002110
1129,rmas,22,0.00002110
1130,bun,22,0.00002110
1131,tém,22,0.00002110
1132,fé,22,0.00002110
1133,nue,22,0.00002110
1134,lhã,22,0.00002110
1135,zu,22,0.00002110
1136,fran,22,0.00002110
1137,sto,22,0.00002110
1138,nam,22,0.00002110
1139,piõ,22,0.00002110
1140,côn,22,0.00002110
1141,truiu,22,0.00002110
1142,frias,22,0.00002110
1143,miar,22,0.00002110
1144,prín,22,0.00002110
1145,zad,22,0.00002110
1146,hráin,22,0.00002110
1147,búrz,22,0.00002110
1148,dion,22,0.00002110
1149,ges,21,0.00002015
1150,sses,21,0.00002015
1151,tres,21,0.00002015
1152,fir,21,0.00002015
1153,cis,21,0.00002015
1154,pais,21,0.00002015
1155,dros,21,0.00002015
1156,ssas,21,0.00002015
1157,zon,21,0.00002015
1158,chiou,21,0.00002015
1159,ssu,21,0.00002015
1160,gí,21,0.00002015
1161,ian,21,0.00002015
1162,zom,21,0.00002015
1163,çá,21,0.00002015
1164,hien,21,0.00002015
1165,goth,21,0.00002015
1166,dó,21,0.00002015
1167,clu,20,0.00001919
1168,põ,20,0.00001919
1169,úks,20,0.00001919
1170,gé,20,0.00001919
1171,sie,20,0.00001919
1172,xu,20,0.00001919
1173,nhá,20,0.00001919
1174,gais,20,0.00001919
1175,ví,20,0.00001919
1176,lhen,20,0.00001919
1177,dés,20,0.00001919
1178,út,20,0.00001919
1179,praias,20,0.00001919
1180,brand,20,0.00001919
1181,drim,20,0.00001919
1182,sím,20,0.00001919
1183,ró,20,0.00001919
1184,ug,20,0.00001919
1185,râ,19,0.00001823
1186,cep,19,0.00001823
1187,teia,19,0.00001823
1188,joias,19,0.00001823
1189,zias,19,0.00001823
1190,riz,19,0.00001823
1191,poia,19,0.00001823
1192,sti,19,0.00001823
1193,vier,19,0.00001823
1194,proi,19,0.00001823
1195,plu,19,0.00001823
1196,plos,19,0.00001823
1197,plen,19,0.00001823
1198,rog,19,0.00001823
1199,gai,19,0.00001823
1200,mund,19,0.00001823
1201,zog,19,0.00001823
1202,brios,18,0.00001727
1203,ceis,18,0.00001727
1204,ig,18,0.00001727
1205,gín,18,0.00001727
1206,gõ,18,0.00001727
1207,guias,18,0.00001727
1208,niu,18,0.00001727
1209,plau,18,0.00001727
1210,zuis,18,0.00001727
1211,cun,18,0.00001727
1212,ton,18,0.00001727
1213,duz,18,0.00001727
1214,loth,18,0.00001727
1215,ncru,18,0.00001727
1216,nhias,18,0.00001727
1217,mra,18,0.00001727
1218,lhõ,17,0.00001631
1219,vrar,17,0.00001631
1220,deias,17,0.00001631
1221,trem,17,0.00001631
1222,ê,17,0.00001631
1223,fus,17,0.00001631
1224,pru,17,0.00001631
1225,iu,17,0.00001631
1226,caia,17,0.00001631
1227,câ,17,0.00001631
1228,gê,17,0.00001631
1229,ladh,17,0.00001631
1230,nui,17,0.00001631
1231,thil,17,0.00001631
1232,phel,17,0.00001631
1233,nhelm,17,0.00001631
1234,the,16,0.00001535
1235,fiz,16,0.00001535
1236,vros,16,0.00001535
1237,hom,16,0.00001535
1238,ns,16,0.00001535
1239,ciais,16,0.00001535
1240,cên,16,0.00001535
1241,ruas,16,0.00001535
1242,tau,16,0.00001535
1243,prou,16,0.00001535
1244,cém,16,0.00001535
1245,gion,16,0.00001535
1246,pam,16,0.00001535
1247,vian,16,0.00001535
1248,véu,16,0.00001535
1249,zou,16,0.00001535
1250,lom,16,0.00001535
1251,poian,16,0.00001535
1252,cã,16,0.00001535
1253,mus,16,0.00001535
1254,pol,16,0.00001535
1255,brem,16,0.00001535
1256,frá,16,0.00001535
1257,piã,16,0.00001535
1258,troll,16,0.00001535
1259,spa,16,0.00001535
1260,dios,16,0.00001535
1261,leb,16,0.00001535
1262,nuin,16,0.00001535
1263,et,16,0.00001535
1264,rgueu,16,0.00001535
1265,nion,16,0.00001535
1266,helm,16,0.00001535
1267,tír,16,0.00001535
1268,nach,16,0.00001535
1269,art,16,0.00001535
1270,muns,15,0.00001439
1271,és,15,0.00001439
1272,nost,15,0.00001439
1273,dins,15,0.00001439
1274,xã,15,0.00001439
1275,eus,15,0.00001439
1276,â,15,0.00001439
1277,frios,15,0.00001439
1278,reia,15,0.00001439
1279,ua,15,0.00001439
1280,cham,15,0.00001439
1281,drõ,15,0.00001439
1282,giar,15,0.00001439
1283,eio,15,0.00001439
1284,flu,15,0.00001439
1285,ful,15,0.00001439
1286,viel,15,0.00001439
1287,nau,15,0.00001439
1288,praia,15,0.00001439
1289,gast,15,0.00001439
1290,nter,15,0.00001439
1291,cál,15,0.00001439
1292,chal,15,0.00001439
1293,seld,15,0.00001439
1294,snaw,15,0.00001439
1295,hân,15,0.00001439
1296,hrór,15,0.00001439
1297,ted,14,0.00001343
1298,tui,14,0.00001343
1299,cõ,14,0.00001343
1300,bril,14,0.00001343
1301,saia,14,0.00001343
1302,ie,14,0.00001343
1303,dô,14,0.00001343
1304,frag,14,0.00001343
1305,bian,14,0.00001343
1306,pál,14,0.00001343
1307,fio,14,0.00001343
1308,piou,14,0.00001343
1309,rath,14,0.00001343
1310,teias,14,0.00001343
1311,bê,14,0.00001343
1312,blí,14,0.00001343
1313,mol,14,0.00001343
1314,nol,14,0.00001343
1315,tuo,14,0.00001343
1316,lham,14,0.00001343
1317,duil,14,0.00001343
1318,triun,14,0.00001343
1319,nhen,14,0.00001343
1320,lorn,14,0.00001343
1321,eis,14,0.00001343
1322,emyn,14,0.00001343
1323,quos,14,0.00001343
1324,tês,14,0.00001343
1325,bó,14,0.00001343
1326,neth,14,0.00001343
1327,tol,13,0.00001247
1328,lfos,13,0.00001247
1329,bí,13,0.00001247
1330,stas,13,0.00001247
1331,liar,13,0.00001247
1332,grân,13,0.00001247
1333,nten,13,0.00001247
1334,rís,13,0.00001247
1335,nus,13,0.00001247
1336,sra,13,0.00001247
1337,plên,13,0.00001247
1338,reias,13,0.00001247
1339,nuir,13,0.00001247
1340,nuan,13,0.00001247
1341,nfe,13,0.00001247
1342,uas,13,0.00001247
1343,pran,13,0.00001247
1344,flor,13,0.00001247
1345,lú,13,0.00001247
1346,nuiu,13,0.00001247
1347,roz,13,0.00001247
1348,grar,13,0.00001247
1349,fiar,13,0.00001247
1350,rit,13,0.00001247
1351,at,13,0.00001247
1352,bram,13,0.00001247
1353,dûm,13,0.00001247
1354,hal,13,0.00001247
1355,huorns,13,0.00001247
1356,rech,13,0.00001247
1357,fré,13,0.00001247
1358,kien,12,0.00001151
1359,air,12,0.00001151
1360,tral,12,0.00001151
1361,vós,12,0.00001151
1362,prir,12,0.00001151
1363,q,12,0.00001151
1364,ús,12,0.00001151
1365,cher,12,0.00001151
1366,túk,12,0.00001151
1367,lun,12,0.00001151
1368,ób,12,0.00001151
1369,cór,12,0.00001151
1370,pie,12,0.00001151
1371,siõ,12,0.00001151
1372,hein,12,0.00001151
1373,frus,12,0.00001151
1374,mel,12,0.00001151
1375,lhá,12,0.00001151
1376,gual,12,0.00001151
1377,meias,12,0.00001151
1378,veias,12,0.00001151
1379,nim,12,0.00001151
1380,céus,12,0.00001151
1381,hran,12,0.00001151
1382,foz,12,0.00001151
1383,kha,12,0.00001151
1384,lê,12,0.00001151
1385,rú,12,0.00001151
1386,ruk,12,0.00001151
1387,hai,12,0.00001151
1388,subs,12,0.00001151
1389,mên,12,0.00001151
1390,lond,12,0.00001151
1391,blung,12,0.00001151
1392,nur,12,0.00001151
1393,zôn,12,0.00001151
1394,rho,12,0.00001151
1395,ärnur,12,0.00001151
1396,of,11,0.00001055
1397,cro,11,0.00001055
1398,dul,11,0.00001055
1399,geis,11,0.00001055
1400,smials,11,0.00001055
1401,saiam,11,0.00001055
1402,nt,11,0.00001055
1403,long,11,0.00001055
1404,sui,11,0.00001055
1405,nien,11,0.00001055
1406,hin,11,0.00001055
1407,glor,11,0.00001055
1408,lla,11,0.00001055
1409,tho,11,0.00001055
1410,glóin,11,0.00001055
1411,ír,11,0.00001055
1412,xam,11,0.00001055
1413,rken,11,0.00001055
1414,cle,11,0.00001055
1415,láf,11,0.00001055
1416,fiõ,11,0.00001055
1417,ärnil,11,0.00001055
1418,teh,11,0.00001055
1419,rial,10,0.00000959
1420,geu,10,0.00000959
1421,róis,10,0.00000959
1422,prá,10,0.00000959
1423,mat,10,0.00000959
1424,quo,10,0.00000959
1425,trio,10,0.00000959
1426,sols,10,0.00000959
1427,pug,10,0.00000959
1428,fral,10,0.00000959
1429,criar,10,0.00000959
1430,lot,10,0.00000959
1431,rús,10,0.00000959
1432,druin,10,0.00000959
1433,brus,10,0.00000959
1434,fla,10,0.00000959
1435,seio,10,0.00000959
1436,bris,10,0.00000959
1437,joia,10,0.00000959
1438,nob,10,0.00000959
1439,sarn,10,0.00000959
1440,rõ,10,0.00000959
1441,quí,10,0.00000959
1442,zios,10,0.00000959
1443,miel,10,0.00000959
1444,riand,10,0.00000959
1445,wai,10,0.00000959
1446,zis,10,0.00000959
1447,led,10,0.00000959
1448,zâ,10,0.00000959
1449,piar,10,0.00000959
1450,deio,10,0.00000959
1451,pên,10,0.00000959
1452,võ,10,0.00000959
1453,muil,10,0.00000959
1454,tel,10,0.00000959
1455,arth,10,0.00000959
1456,rás,10,0.00000959
1457,burg,10,0.00000959
1458,ling,10,0.00000959
1459,dri,10,0.00000959
1460,mô,10,0.00000959
1461,nard,10,0.00000959
1462,cthe,10,0.00000959
1463,daur,10,0.00000959
1464,meh,10,0.00000959
1465,thráin,10,0.00000959
1466,ch,10,0.00000959
1467,son,9,0.00000863
1468,truin,9,0.00000863
1469,grim,9,0.00000863
1470,niam,9,0.00000863
1471,nver,9,0.00000863
1472,diá,9,0.00000863
1473,iv,9,0.00000863
1474,chá,9,0.00000863
1475,bui,9,0.00000863
1476,nte,9,0.00000863
1477,iii,9,0.00000863
1478,niel,9,0.00000863
1479,fai,9,0.00000863
1480,pir,9,0.00000863
1481,sual,9,0.00000863
1482,rmes,9,0.00000863
1483,nca,9,0.00000863
1484,sco,9,0.00000863
1485,chet,9,0.00000863
1486,tás,9,0.00000863
1487,fian,9,0.00000863
1488,piu,9,0.00000863
1489,chian,9,0.00000863
1490,hel,9,0.00000863
1491,flan,9,0.00000863
1492,lro,9,0.00000863
1493,ruins,9,0.00000863
1494,dún,9,0.00000863
1495,riel,9,0.00000863
1496,poio,9,0.00000863
1497,ären,9,0.00000863
1498,nias,9,0.00000863
1499,fel,9,0.00000863
1500,rê,9,0.00000863
1501,çoi,9,0.00000863
1502,fiéis,9,0.00000863
1503,ect,9,0.00000863
1504,od,9,0.00000863
1505,cirth,9,0.00000863
1506,gle,8,0.00000767
1507,guís,8,0.00000767
1508,gü,8,0.00000767
1509,ciei,8,0.00000767
1510,gris,8,0.00000767
1511,ún,8,0.00000767
1512,us,8,0.00000767
1513,meios,8,0.00000767
1514,sên,8,0.00000767
1515,ior,8,0.00000767
1516,trair,8,0.00000767
1517,guiar,8,0.00000767
1518,trân,8,0.00000767
1519,zam,8,0.00000767
1520,prar,8,0.00000767
1521,ntrem,8,0.00000767
1522,sir,8,0.00000767
1523,mio,8,0.00000767
1524,raia,8,0.00000767
1525,tâ,8,0.00000767
1526,faia,8,0.00000767
1527,smaug,8,0.00000767
1528,mla,8,0.00000767
1529,op,8,0.00000767
1530,rói,8,0.00000767
1531,dring,8,0.00000767
1532,bên,8,0.00000767
1533,brant,8,0.00000767
1534,már,8,0.00000767
1535,nai,8,0.00000767
1536,lai,8,0.00000767
1537,sna,8,0.00000767
1538,grish,8,0.00000767
1539,rum,8,0.00000767
1540,bold,8,0.00000767
1541,arg,8,0.00000767
1542,dap,8,0.00000767
1543,folc,8,0.00000767
1544,yan,8,0.00000767
1545,ãr,8,0.00000767
1546,rhu,8,0.00000767
1547,stel,8,0.00000767
1548,nd,8,0.00000767
1549,cf,8,0.00000767
1550,th,8,0.00000767
1551,dü,8,0.00000767
1552,hw,8,0.00000767
1553,war,7,0.00000672
1554,fis,7,0.00000672
1555,uên,7,0.00000672
1556,riais,7,0.00000672
1557,tuais,7,0.00000672
1558,leis,7,0.00000672
1559,xin,7,0.00000672
1560,tís,7,0.00000672
1561,mag,7,0.00000672
1562,cren,7,0.00000672
1563,lô,7,0.00000672
1564,crés,7,0.00000672
1565,ng,7,0.00000672
1566,quia,7,0.00000672
1567,plar,7,0.00000672
1568,zal,7,0.00000672
1569,gilt,7,0.00000672
1570,lbe,7,0.00000672
1571,baias,7,0.00000672
1572,tuas,7,0.00000672
1573,pê,7,0.00000672
1574,clo,7,0.00000672
1575,uin,7,0.00000672
1576,xen,7,0.00000672
1577,bron,7,0.00000672
1578,plou,7,0.00000672
1579,tér,7,0.00000672
1580,pem,7,0.00000672
1581,rup,7,0.00000672
1582,x,7,0.00000672
1583,ard,7,0.00000672
1584,rand,7,0.00000672
1585,riath,7,0.00000672
1586,viá,7,0.00000672
1587,nviei,7,0.00000672
1588,diar,7,0.00000672
1589,sâ,7,0.00000672
1590,guan,7,0.00000672
1591,ciá,7,0.00000672
1592,bul,7,0.00000672
1593,ruks,7,0.00000672
1594,cuan,7,0.00000672
1595,tré,7,0.00000672
1596,nings,7,0.00000672
1597,vu,7,0.00000672
1598,rap,7,0.00000672
1599,freu,7,0.00000672
1600,dred,7,0.00000672
1601,then,7,0.00000672
1602,sssim,7,0.00000672
1603,jaz,7,0.00000672
1604,hond,7,0.00000672
1605,kil,7,0.00000672
1606,gún,7,0.00000672
1607,ghân,7,0.00000672
1608,leg,7,0.00000672
1609,had,7,0.00000672
1610,nil,7,0.00000672
1611,hyar,7,0.00000672
1612,nul,7,0.00000672
1613,dh,7,0.00000672
1614,queny,7,0.00000672
1615,yes,6,0.00000576
1616,crí,6,0.00000576
1617,lás,6,0.00000576
1618,riên,6,0.00000576
1619,fân,6,0.00000576
1620,vias,6,0.00000576
1621,bad,6,0.00000576
1622,brá,6,0.00000576
1623,xau,6,0.00000576
1624,fast,6,0.00000576
1625,vó,6,0.00000576
1626,gers,6,0.00000576
1627,fou,6,0.00000576
1628,leu,6,0.00000576
1629,buir,6,0.00000576
1630,grou,6,0.00000576
1631,çãs,6,0.00000576
1632,lus,6,0.00000576
1633,qüi,6,0.00000576
1634,ntra,6,0.00000576
1635,fli,6,0.00000576
1636,quas,6,0.00000576
1637,vii,6,0.00000576
1638,gues,6,0.00000576
1639,viii,6,0.00000576
1640,nân,6,0.00000576
1641,pâ,6,0.00000576
1642,ix,6,0.00000576
1643,feia,6,0.00000576
1644,tag,6,0.00000576
1645,quel,6,0.00000576
1646,tim,6,0.00000576
1647,guí,6,0.00000576
1648,ssiu,6,0.00000576
1649,wa,6,0.00000576
1650,guais,6,0.00000576
1651,nhem,6,0.00000576
1652,fec,6,0.00000576
1653,tios,6,0.00000576
1654,sê,6,0.00000576
1655,xtre,6,0.00000576
1656,xia,6,0.00000576
1657,frar,6,0.00000576
1658,gla,6,0.00000576
1659,riê,6,0.00000576
1660,bias,6,0.00000576
1661,aias,6,0.00000576
1662,spi,6,0.00000576
1663,yar,6,0.00000576
1664,mai,6,0.00000576
1665,criou,6,0.00000576
1666,vais,6,0.00000576
1667,gaz,6,0.00000576
1668,bum,6,0.00000576
1669,run,6,0.00000576
1670,cel,6,0.00000576
1671,poiar,6,0.00000576
1672,grí,6,0.00000576
1673,caiam,6,0.00000576
1674,ner,6,0.00000576
1675,ken,6,0.00000576
1676,suor,6,0.00000576
1677,ches,6,0.00000576
1678,ach,6,0.00000576
1679,ssim,6,0.00000576
1680,ngold,6,0.00000576
1681,çais,6,0.00000576
1682,berg,6,0.00000576
1683,tred,6,0.00000576
1684,math,6,0.00000576
1685,aur,6,0.00000576
1686,trel,6,0.00000576
1687,tai,6,0.00000576
1688,liã,6,0.00000576
1689,soth,6,0.00000576
1690,chel,6,0.00000576
1691,pha,6,0.00000576
1692,teng,6,0.00000576
1693,tec,5,0.00000480
1694,dres,5,0.00000480
1695,dua,5,0.00000480
1696,zõ,5,0.00000480
1697,nô,5,0.00000480
1698,suir,5,0.00000480
1699,het,5,0.00000480
1700,sque,5,0.00000480
1701,mér,5,0.00000480
1702,pios,5,0.00000480
1703,pias,5,0.00000480
1704,qüin,5,0.00000480
1705,ór,5,0.00000480
1706,buiu,5,0.00000480
1707,reio,5,0.00000480
1708,sga,5,0.00000480
1709,ziou,5,0.00000480
1710,biou,5,0.00000480
1711,péis,5,0.00000480
1712,aiu,5,0.00000480
1713,zoi,5,0.00000480
1714,frei,5,0.00000480
1715,viei,5,0.00000480
1716,nues,5,0.00000480
1717,sten,5,0.00000480
1718,bã,5,0.00000480
1719,raz,5,0.00000480
1720,xce,5,0.00000480
1721,beis,5,0.00000480
1722,nuam,5,0.00000480
1723,trais,5,0.00000480
1724,éis,5,0.00000480
1725,mplo,5,0.00000480
1726,suais,5,0.00000480
1727,feio,5,0.00000480
1728,bill,5,0.00000480
1729,zos,5,0.00000480
1730,pus,5,0.00000480
1731,zais,5,0.00000480
1732,bret,5,0.00000480
1733,hror,5,0.00000480
1734,brim,5,0.00000480
1735,rhûn,5,0.00000480
1736,lap,5,0.00000480
1737,crer,5,0.00000480
1738,wain,5,0.00000480
1739,cú,5,0.00000480
1740,cuar,5,0.00000480
1741,rak,5,0.00000480
1742,húr,5,0.00000480
1743,bain,5,0.00000480
1744,chiam,5,0.00000480
1745,dúm,5,0.00000480
1746,grã,5,0.00000480
1747,poiou,5,0.00000480
1748,giá,5,0.00000480
1749,nê,5,0.00000480
1750,met,5,0.00000480
1751,véus,5,0.00000480
1752,haw,5,0.00000480
1753,dõ,5,0.00000480
1754,thir,5,0.00000480
1755,guiá,5,0.00000480
1756,dual,5,0.00000480
1757,nír,5,0.00000480
1758,róf,5,0.00000480
1759,nên,5,0.00000480
1760,deiam,5,0.00000480
1761,gús,5,0.00000480
1762,nco,5,0.00000480
1763,gram,5,0.00000480
1764,hui,5,0.00000480
1765,ep,5,0.00000480
1766,peix,5,0.00000480
1767,pú,5,0.00000480
1768,feu,5,0.00000480
1769,io,5,0.00000480
1770,oias,5,0.00000480
1771,adû,5,0.00000480
1772,nak,5,0.00000480
1773,hôr,5,0.00000480
1774,narth,5,0.00000480
1775,cíl,5,0.00000480
1776,clí,5,0.00000480
1777,heim,5,0.00000480
1778,trói,5,0.00000480
1779,yén,5,0.00000480
1780,cit,5,0.00000480
1781,sh,5,0.00000480
1782,hy,5,0.00000480
1783,gh,5,0.00000480
1784,gert,5,0.00000480
1785,nald,4,0.00000384
1786,lord,4,0.00000384
1787,rings,4,0.00000384
1788,reuel,4,0.00000384
1789,tex,4,0.00000384
1790,cluin,4,0.00000384
1791,gli,4,0.00000384
1792,niõ,4,0.00000384
1793,zí,4,0.00000384
1794,caz,4,0.00000384
1795,suem,4,0.00000384
1796,cré,4,0.00000384
1797,péus,4,0.00000384
1798,crus,4,0.00000384
1799,jec,4,0.00000384
1800,quiu,4,0.00000384
1801,triã,4,0.00000384
1802,lau,4,0.00000384
1803,ceios,4,0.00000384
1804,tons,4,0.00000384
1805,tens,4,0.00000384
1806,lhia,4,0.00000384
1807,téia,4,0.00000384
1808,ap,4,0.00000384
1809,fôs,4,0.00000384
1810,boia,4,0.00000384
1811,zum,4,0.00000384
1812,chum,4,0.00000384
1813,chõ,4,0.00000384
1814,hei,4,0.00000384
1815,clau,4,0.00000384
1816,chiar,4,0.00000384
1817,ên,4,0.00000384
1818,cuns,4,0.00000384
1819,arry,4,0.00000384
1820,cás,4,0.00000384
1821,cé,4,0.00000384
1822,cros,4,0.00000384
1823,reios,4,0.00000384
1824,óin,4,0.00000384
1825,tréis,4,0.00000384
1826,fios,4,0.00000384
1827,dru,4,0.00000384
1828,ka,4,0.00000384
1829,xpul,4,0.00000384
1830,gwai,4,0.00000384
1831,nvia,4,0.00000384
1832,liu,4,0.00000384
1833,beth,4,0.00000384
1834,peia,4,0.00000384
1835,plá,4,0.00000384
1836,çô,4,0.00000384
1837,niph,4,0.00000384
1838,neio,4,0.00000384
1839,mbai,4,0.00000384
1840,rés,4,0.00000384
1841,brian,4,0.00000384
1842,yé,4,0.00000384
1843,yê,4,0.00000384
1844,guian,4,0.00000384
1845,faias,4,0.00000384
1846,riar,4,0.00000384
1847,ô,4,0.00000384
1848,jem,4,0.00000384
1849,maia,4,0.00000384
1850,lug,4,0.00000384
1851,vém,4,0.00000384
1852,glas,4,0.00000384
1853,chem,4,0.00000384
1854,und,4,0.00000384
1855,dwi,4,0.00000384
1856,traiu,4,0.00000384
1857,zâd,4,0.00000384
1858,holby,4,0.00000384
1859,vín,4,0.00000384
1860,súl,4,0.00000384
1861,bá,4,0.00000384
1862,ess,4,0.00000384
1863,stran,4,0.00000384
1864,ss,4,0.00000384
1865,rguen,4,0.00000384
1866,crâ,4,0.00000384
1867,tass,4,0.00000384
1868,mak,4,0.00000384
1869,xess,4,0.00000384
1870,truo,4,0.00000384
1871,pré,4,0.00000384
1872,stybba,4,0.00000384
1873,holt,4,0.00000384
1874,quís,4,0.00000384
1875,kel,4,0.00000384
1876,priu,4,0.00000384
1877,hír,4,0.00000384
1878,scat,4,0.00000384
1879,íl,4,0.00000384
1880,lros,4,0.00000384
1881,eä,4,0.00000384
1882,hant,4,0.00000384
1883,eär,4,0.00000384
1884,lect,4,0.00000384
1885,fram,4,0.00000384
1886,leth,4,0.00000384
1887,dáin,4,0.00000384
1888,yá,4,0.00000384
1889,pp,4,0.00000384
1890,nn,4,0.00000384
1891,ries,4,0.00000384
1892,sais,4,0.00000384
1893,wich,4,0.00000384
1894,hloth,4,0.00000384
1895,ohn,3,0.00000288
1896,stu,3,0.00000288
1897,and,3,0.00000288
1898,dial,3,0.00000288
1899,nuei,3,0.00000288
1900,harg,3,0.00000288
1901,duos,3,0.00000288
1902,prós,3,0.00000288
1903,nfor,3,0.00000288
1904,nual,3,0.00000288
1905,ssio,3,0.00000288
1906,nuais,3,0.00000288
1907,xuo,3,0.00000288
1908,fã,3,0.00000288
1909,roi,3,0.00000288
1910,fins,3,0.00000288
1911,rory,3,0.00000288
1912,bla,3,0.00000288
1913,pom,3,0.00000288
1914,lir,3,0.00000288
1915,tun,3,0.00000288
1916,lfo,3,0.00000288
1917,fiou,3,0.00000288
1918,ceiam,3,0.00000288
1919,uiu,3,0.00000288
1920,maiar,3,0.00000288
1921,gueiam,3,0.00000288
1922,nglo,3,0.00000288
1923,mpe,3,0.00000288
1924,eh,3,0.00000288
1925,bien,3,0.00000288
1926,éus,3,0.00000288
1927,raiar,3,0.00000288
1928,fatty,3,0.00000288
1929,vial,3,0.00000288
1930,guio,3,0.00000288
1931,loi,3,0.00000288
1932,sós,3,0.00000288
1933,rân,3,0.00000288
1934,splên,3,0.00000288
1935,arn,3,0.00000288
1936,nhal,3,0.00000288
1937,freio,3,0.00000288
1938,zá,3,0.00000288
1939,vís,3,0.00000288
1940,frer,3,0.00000288
1941,fér,3,0.00000288
1942,lwing,3,0.00000288
1943,ilt,3,0.00000288
1944,pun,3,0.00000288
1945,heit,3,0.00000288
1946,wargs,3,0.00000288
1947,orn,3,0.00000288
1948,rock,3,0.00000288
1949,rol,3,0.00000288
1950,vren,3,0.00000288
1951,glar,3,0.00000288
1952,liou,3,0.00000288
1953,rmar,3,0.00000288
1954,ash,3,0.00000288
1955,nazg,3,0.00000288
1956,sás,3,0.00000288
1957,oia,3,0.00000288
1958,nuid,3,0.00000288
1959,hol,3,0.00000288
1960,raddûr,3,0.00000288
1961,nxer,3,0.00000288
1962,diou,3,0.00000288
1963,ncli,3,0.00000288
1964,tez,3,0.00000288
1965,fiel,3,0.00000288
1966,aith,3,0.00000288
1967,viem,3,0.00000288
1968,guê,3,0.00000288
1969,iz,3,0.00000288
1970,lui,3,0.00000288
1971,yo,3,0.00000288
1972,niê,3,0.00000288
1973,hí,3,0.00000288
1974,chins,3,0.00000288
1975,crias,3,0.00000288
1976,eia,3,0.00000288
1977,tuá,3,0.00000288
1978,tac,3,0.00000288
1979,fluin,3,0.00000288
1980,púr,3,0.00000288
1981,traia,3,0.00000288
1982,clas,3,0.00000288
1983,boi,3,0.00000288
1984,lal,3,0.00000288
1985,drif,3,0.00000288
1986,bléia,3,0.00000288
1987,mbru,3,0.00000288
1988,ciem,3,0.00000288
1989,lís,3,0.00000288
1990,hrihy,3,0.00000288
1991,fie,3,0.00000288
1992,zád,3,0.00000288
1993,ruiu,3,0.00000288
1994,ltra,3,0.00000288
1995,duo,3,0.00000288
1996,tias,3,0.00000288
1997,ons,3,0.00000288
1998,sís,3,0.00000288
1999,ndo,3,0.00000288
2000,lios,3,0.00000288
2001,nro,3,0.00000288
2002,sss,3,0.00000288
2003,çu,3,0.00000288
2004,vên,3,0.00000288
2005,ham,3,0.00000288
2006,vé,3,0.00000288
2007,niên,3,0.00000288
2008,annûn,3,0.00000288
2009,eix,3,0.00000288
2010,mlad,3,0.00000288
2011,xul,3,0.00000288
2012,hoi,3,0.00000288
2013,gold,3,0.00000288
2014,gás,3,0.00000288
2015,nhir,3,0.00000288
2016,grias,3,0.00000288
2017,zur,3,0.00000288
2018,jé,3,0.00000288
2019,elf,3,0.00000288
2020,id,3,0.00000288
2021,hand,3,0.00000288
2022,rain,3,0.00000288
2023,grai,3,0.00000288
2024,rach,3,0.00000288
2025,gren,3,0.00000288
2026,hang,3,0.00000288
2027,olly,3,0.00000288
2028,ibs,3,0.00000288
2029,nóss,3,0.00000288
2030,phe,3,0.00000288
2031,hú,3,0.00000288
2032,old,3,0.00000288
2033,wal,3,0.00000288
2034,nár,3,0.00000288
2035,sez,3,0.00000288
2036,frin,3,0.00000288
2037,túks,3,0.00000288
2038,zei,3,0.00000288
2039,lún,3,0.00000288
2040,síl,3,0.00000288
2041,yrn,3,0.00000288
2042,brí,3,0.00000288
2043,waith,3,0.00000288
2044,thí,3,0.00000288
2045,nuial,3,0.00000288
2046,choth,3,0.00000288
2047,wulf,3,0.00000288
2048,ulf,3,0.00000288
2049,odwyn,3,0.00000288
2050,rór,3,0.00000288
2051,thrór,3,0.00000288
2052,thain,3,0.00000288
2053,viê,3,0.00000288
2054,hold,3,0.00000288
2055,kh,3,0.00000288
2056,mb,3,0.00000288
2057,aw,3,0.00000288
2058,núl,3,0.00000288
2059,irth,3,0.00000288
2060,zh,3,0.00000288
2061,hwes,3,0.00000288
2062,certh,3,0.00000288
2063,tla,3,0.00000288
2064,ku,3,0.00000288
2065,set,2,0.00000192
2066,duard,2,0.00000192
2067,ciety,2,0.00000192
2068,dily,2,0.00000192
2069,lins,2,0.00000192
2070,blis,2,0.00000192
2071,hers,2,0.00000192
2072,liam,2,0.00000192
2073,hris,2,0.00000192
2074,top,2,0.00000192
2075,lob,2,0.00000192
2076,oks,2,0.00000192
2077,by,2,0.00000192
2078,rein,2,0.00000192
2079,guês,2,0.00000192
2080,ngla,2,0.00000192
2081,rran,2,0.00000192
2082,clãs,2,0.00000192
2083,seiam,2,0.00000192
2084,féus,2,0.00000192
2085,rvas,2,0.00000192
2086,toby,2,0.00000192
2087,ssseus,2,0.00000192
2088,blio,2,0.00000192
2089,sóis,2,0.00000192
2090,túr,2,0.00000192
2091,ngiam,2,0.00000192
2092,paus,2,0.00000192
2093,ngir,2,0.00000192
2094,jõ,2,0.00000192
2095,pras,2,0.00000192
2096,bof,2,0.00000192
2097,üks,2,0.00000192
2098,lard,2,0.00000192
2099,suiu,2,0.00000192
2100,lsil,2,0.00000192
2101,vrou,2,0.00000192
2102,roia,2,0.00000192
2103,lums,2,0.00000192
2104,miei,2,0.00000192
2105,nche,2,0.00000192
2106,uen,2,0.00000192
2107,vrei,2,0.00000192
2108,xiam,2,0.00000192
2109,nex,2,0.00000192
2110,laio,2,0.00000192
2111,jã,2,0.00000192
2112,ciã,2,0.00000192
2113,flui,2,0.00000192
2114,nuem,2,0.00000192
2115,mús,2,0.00000192
2116,train,2,0.00000192
2117,blas,2,0.00000192
2118,gror,2,0.00000192
2119,teio,2,0.00000192
2120,dien,2,0.00000192
2121,câm,2,0.00000192
2122,quã,2,0.00000192
2123,harry,2,0.00000192
2124,vri,2,0.00000192
2125,giem,2,0.00000192
2126,chur,2,0.00000192
2127,çóis,2,0.00000192
2128,ac,2,0.00000192
2129,ord,2,0.00000192
2130,bob,2,0.00000192
2131,plai,2,0.00000192
2132,ruin,2,0.00000192
2133,liás,2,0.00000192
2134,flau,2,0.00000192
2135,band,2,0.00000192
2136,rils,2,0.00000192
2137,thin,2,0.00000192
2138,saio,2,0.00000192
2139,sssiu,2,0.00000192
2140,raiou,2,0.00000192
2141,juns,2,0.00000192
2142,dings,2,0.00000192
2143,geiam,2,0.00000192
2144,wing,2,0.00000192
2145,daz,2,0.00000192
2146,nef,2,0.00000192
2147,viés,2,0.00000192
2148,dís,2,0.00000192
2149,quias,2,0.00000192
2150,tulûk,2,0.00000192
2151,tul,2,0.00000192
2152,agh,2,0.00000192
2153,thran,2,0.00000192
2154,rhos,2,0.00000192
2155,nvie,2,0.00000192
2156,pló,2,0.00000192
2157,frou,2,0.00000192
2158,pram,2,0.00000192
2159,vain,2,0.00000192
2160,cluiu,2,0.00000192
2161,rons,2,0.00000192
2162,nâ,2,0.00000192
2163,ruel,2,0.00000192
2164,naur,2,0.00000192
2165,draith,2,0.00000192
2166,mpur,2,0.00000192
2167,sfre,2,0.00000192
2168,raias,2,0.00000192
2169,veios,2,0.00000192
2170,flói,2,0.00000192
2171,spia,2,0.00000192
2172,glam,2,0.00000192
2173,çol,2,0.00000192
2174,dás,2,0.00000192
2175,rop,2,0.00000192
2176,flet,2,0.00000192
2177,yrch,2,0.00000192
2178,fil,2,0.00000192
2179,andy,2,0.00000192
2180,ncou,2,0.00000192
2181,cram,2,0.00000192
2182,lain,2,0.00000192
2183,vãs,2,0.00000192
2184,yul,2,0.00000192
2185,yas,2,0.00000192
2186,boian,2,0.00000192
2187,tuou,2,0.00000192
2188,guou,2,0.00000192
2189,sés,2,0.00000192
2190,quá,2,0.00000192
2191,dês,2,0.00000192
2192,ndá,2,0.00000192
2193,vaia,2,0.00000192
2194,triz,2,0.00000192
2195,dúsh,2,0.00000192
2196,sfor,2,0.00000192
2197,tius,2,0.00000192
2198,uum,2,0.00000192
2199,uuu,2,0.00000192
2200,meie,2,0.00000192
2201,lhu,2,0.00000192
2202,nhãs,2,0.00000192
2203,hun,2,0.00000192
2204,taur,2,0.00000192
2205,friar,2,0.00000192
2206,hem,2,0.00000192
2207,hummm,2,0.00000192
2208,fó,2,0.00000192
2209,belmy,2,0.00000192
2210,hál,2,0.00000192
2211,prê,2,0.00000192
2212,dal,2,0.00000192
2213,úth,2,0.00000192
2214,praian,2,0.00000192
2215,goil,2,0.00000192
2216,guiou,2,0.00000192
2217,preg,2,0.00000192
2218,dôr,2,0.00000192
2219,blan,2,0.00000192
2220,nhiu,2,0.00000192
2221,ugh,2,0.00000192
2222,riou,2,0.00000192
2223,rguia,2,0.00000192
2224,pliel,2,0.00000192
2225,lit,2,0.00000192
2226,pror,2,0.00000192
2227,sál,2,0.00000192
2228,díl,2,0.00000192
2229,mór,2,0.00000192
2230,cóis,2,0.00000192
2231,buas,2,0.00000192
2232,abs,2,0.00000192
2233,chê,2,0.00000192
2234,trô,2,0.00000192
2235,suar,2,0.00000192
2236,rus,2,0.00000192
2237,dân,2,0.00000192
2238,rmou,2,0.00000192
2239,suá,2,0.00000192
2240,aio,2,0.00000192
2241,lés,2,0.00000192
2242,cár,2,0.00000192
2243,nhad,2,0.00000192
2244,céis,2,0.00000192
2245,dun,2,0.00000192
2246,raw,2,0.00000192
2247,jú,2,0.00000192
2248,trua,2,0.00000192
2249,diên,2,0.00000192
2250,rnil,2,0.00000192
2251,çal,2,0.00000192
2252,heryn,2,0.00000192
2253,pris,2,0.00000192
2254,gaio,2,0.00000192
2255,suan,2,0.00000192
2256,chais,2,0.00000192
2257,feld,2,0.00000192
2258,mark,2,0.00000192
2259,ding,2,0.00000192
2260,ind,2,0.00000192
2261,ál,2,0.00000192
2262,mír,2,0.00000192
2263,uth,2,0.00000192
2264,riags,2,0.00000192
2265,raian,2,0.00000192
2266,mort,2,0.00000192
2267,teus,2,0.00000192
2268,dói,2,0.00000192
2269,mãs,2,0.00000192
2270,mloth,2,0.00000192
2271,fluem,2,0.00000192
2272,chost,2,0.00000192
2273,ag,2,0.00000192
2274,uz,2,0.00000192
2275,tark,2,0.00000192
2276,nge,2,0.00000192
2277,úr,2,0.00000192
2278,urt,2,0.00000192
2279,esss,2,0.00000192
2280,riain,2,0.00000192
2281,frem,2,0.00000192
2282,lheios,2,0.00000192
2283,lie,2,0.00000192
2284,scary,2,0.00000192
2285,dril,2,0.00000192
2286,tuor,2,0.00000192
2287,mait,2,0.00000192
2288,nzi,2,0.00000192
2289,ladûn,2,0.00000192
2290,gost,2,0.00000192
2291,nit,2,0.00000192
2292,meb,2,0.00000192
2293,ronw,2,0.00000192
2294,thar,2,0.00000192
2295,sûl,2,0.00000192
2296,nhi,2,0.00000192
2297,hit,2,0.00000192
2298,ciu,2,0.00000192
2299,frum,2,0.00000192
2300,dorn,2,0.00000192
2301,ild,2,0.00000192
2302,drím,2,0.00000192
2303,wí,2,0.00000192
2304,ki,2,0.00000192
2305,nãs,2,0.00000192
2306,gund,2,0.00000192
2307,eim,2,0.00000192
2308,lmo,2,0.00000192
2309,raid,2,0.00000192
2310,lair,2,0.00000192
2311,hriv,2,0.00000192
2312,coir,2,0.00000192
2313,fat,2,0.00000192
2314,lês,2,0.00000192
2315,church,2,0.00000192
2316,khuz,2,0.00000192
2317,hl,2,0.00000192
2318,sing,2,0.00000192
2319,rh,2,0.00000192
2320,hr,2,0.00000192
2321,ty,2,0.00000192
2322,cog,2,0.00000192
2323,we,2,0.00000192
2324,ghâsh,2,0.00000192
2325,tyel,2,0.00000192
2326,kw,2,0.00000192
2327,gw,2,0.00000192
2328,ghw,2,0.00000192
2329,rd,2,0.00000192
2330,ld,2,0.00000192
2331,mp,2,0.00000192
2332,nk,2,0.00000192
2333,ts,2,0.00000192
2334,ps,2,0.00000192
2335,ks,2,0.00000192
2336,dün,2,0.00000192
2337,rhün,2,0.00000192
2338,cert,2,0.00000192
2339,smial,2,0.00000192
2340,log,2,0.00000192
2341,quial,2,0.00000192
2342,cél,2,0.00000192
2343,hald,2,0.00000192
2344,dwar,2,0.00000192
2345,rows,2,0.00000192
2346,duk,2,0.00000192
2347,kan,2,0.00000192
2348,galp,2,0.00000192
2349,wick,2,0.00000192
2350,bral,2,0.00000192
2351,yu,2,0.00000192
2352,cot,2,0.00000192
2353,kyrmse,1,0.00000096
2354,ltd,1,0.00000096
2355,gral,1,0.00000096
2356,frank,1,0.00000096
2357,chard,1,0.00000096
2358,nsti,1,0.00000096
2359,ngle,1,0.00000096
2360,usp,1,0.00000096
2361,yrmse,1,0.00000096
2362,pass,1,0.00000096
2363,york,1,0.00000096
2364,ving,1,0.00000096
2365,llan,1,0.00000096
2366,ntro,1,0.00000096
2367,duc,1,0.00000096
2368,tion,1,0.00000096
2369,vish,1,0.00000096
2370,from,1,0.00000096
2371,ok,1,0.00000096
2372,west,1,0.00000096
2373,march,1,0.00000096
2374,forth,1,0.00000096
2375,tory,1,0.00000096
2376,ring,1,0.00000096
2377,turn,1,0.00000096
2378,king,1,0.00000096
2379,néi,1,0.00000096
2380,yal,1,0.00000096
2381,xõ,1,0.00000096
2382,riá,1,0.00000096
2383,poi,1,0.00000096
2384,guios,1,0.00000096
2385,diais,1,0.00000096
2386,homs,1,0.00000096
2387,més,1,0.00000096
2388,oby,1,0.00000096
2389,bolsss,1,0.00000096
2390,scri,1,0.00000096
2391,nti,1,0.00000096
2392,fós,1,0.00000096
2393,ûk,1,0.00000096
2394,zéns,1,0.00000096
2395,rard,1,0.00000096
2396,srta,1,0.00000096
2397,func,1,0.00000096
2398,naf,1,0.00000096
2399,nad,1,0.00000096
2400,hug,1,0.00000096
2401,mies,1,0.00000096
2402,saios,1,0.00000096
2403,nhõ,1,0.00000096
2404,triar,1,0.00000096
2405,bols,1,0.00000096
2406,ceie,1,0.00000096
2407,spio,1,0.00000096
2408,vár,1,0.00000096
2409,brei,1,0.00000096
2410,noz,1,0.00000096
2411,sois,1,0.00000096
2412,menn,1,0.00000096
2413,tiel,1,0.00000096
2414,nre,1,0.00000096
2415,xó,1,0.00000096
2416,dad,1,0.00000096
2417,ngin,1,0.00000096
2418,ntram,1,0.00000096
2419,ud,1,0.00000096
2420,bás,1,0.00000096
2421,fiai,1,0.00000096
2422,nâm,1,0.00000096
2423,clon,1,0.00000096
2424,leio,1,0.00000096
2425,ntran,1,0.00000096
2426,mpi,1,0.00000096
2427,mõ,1,0.00000096
2428,cque,1,0.00000096
2429,nhais,1,0.00000096
2430,guã,1,0.00000096
2431,frã,1,0.00000096
2432,siu,1,0.00000096
2433,drar,1,0.00000096
2434,clien,1,0.00000096
2435,nuns,1,0.00000096
2436,spian,1,0.00000096
2437,fac,1,0.00000096
2438,fog,1,0.00000096
2439,mie,1,0.00000096
2440,halls,1,0.00000096
2441,annt,1,0.00000096
2442,sgal,1,0.00000096
2443,lút,1,0.00000096
2444,xii,1,0.00000096
2445,sma,1,0.00000096
2446,zás,1,0.00000096
2447,rél,1,0.00000096
2448,ldar,1,0.00000096
2449,mings,1,0.00000096
2450,fúr,1,0.00000096
2451,nros,1,0.00000096
2452,múl,1,0.00000096
2453,ndis,1,0.00000096
2454,dren,1,0.00000096
2455,flâ,1,0.00000096
2456,nat,1,0.00000096
2457,zaddûm,1,0.00000096
2458,glos,1,0.00000096
2459,creiam,1,0.00000096
2460,lthil,1,0.00000096
2461,ngiu,1,0.00000096
2462,sprei,1,0.00000096
2463,dup,1,0.00000096
2464,thra,1,0.00000096
2465,krim,1,0.00000096
2466,forn,1,0.00000096
2467,rald,1,0.00000096
2468,lhim,1,0.00000096
2469,crist,1,0.00000096
2470,shat,1,0.00000096
2471,dus,1,0.00000096
2472,hat,1,0.00000096
2473,virn,1,0.00000096
2474,piam,1,0.00000096
2475,uia,1,0.00000096
2476,scre,1,0.00000096
2477,chias,1,0.00000096
2478,warg,1,0.00000096
2479,naua,1,0.00000096
2480,ngaur,1,0.00000096
2481,hoth,1,0.00000096
2482,éu,1,0.00000096
2483,vaio,1,0.00000096
2484,luas,1,0.00000096
2485,nnon,1,0.00000096
2486,ed,1,0.00000096
2487,ment,1,0.00000096
2488,iml,1,0.00000096
2489,rút,1,0.00000096
2490,hiel,1,0.00000096
2491,frár,1,0.00000096
2492,blim,1,0.00000096
2493,ghash,1,0.00000096
2494,hash,1,0.00000096
2495,nói,1,0.00000096
2496,drios,1,0.00000096
2497,lhorn,1,0.00000096
2498,biom,1,0.00000096
2499,naith,1,0.00000096
2500,trim,1,0.00000096
2501,ets,1,0.00000096
2502,dôm,1,0.00000096
2503,íg,1,0.00000096
2504,lhue,1,0.00000096
2505,triõ,1,0.00000096
2506,hith,1,0.00000096
2507,quém,1,0.00000096
2508,nier,1,0.00000096
2509,oio,1,0.00000096
2510,yat,1,0.00000096
2511,siê,1,0.00000096
2512,vant,1,0.00000096
2513,mym,1,0.00000096
2514,niyn,1,0.00000096
2515,sobs,1,0.00000096
2516,homl,1,0.00000096
2517,guie,1,0.00000096
2518,seia,1,0.00000096
2519,nás,1,0.00000096
2520,ôh,1,0.00000096
2521,rrou,1,0.00000096
2522,heios,1,0.00000096
2523,parth,1,0.00000096
2524,griõ,1,0.00000096
2525,frian,1,0.00000096
2526,stem,1,0.00000096
2527,bís,1,0.00000096
2528,boias,1,0.00000096
2529,nec,1,0.00000096
2530,mif,1,0.00000096
2531,criam,1,0.00000096
2532,côm,1,0.00000096
2533,gronk,1,0.00000096
2534,push,1,0.00000096
2535,dug,1,0.00000096
2536,glob,1,0.00000096
2537,búb,1,0.00000096
2538,hosh,1,0.00000096
2539,skai,1,0.00000096
2540,uém,1,0.00000096
2541,vrã,1,0.00000096
2542,uir,1,0.00000096
2543,crua,1,0.00000096
2544,ngem,1,0.00000096
2545,hiou,1,0.00000096
2546,quens,1,0.00000096
2547,scas,1,0.00000096
2548,viã,1,0.00000096
2549,sô,1,0.00000096
2550,lind,1,0.00000096
2551,btí,1,0.00000096
2552,uu,1,0.00000096
2553,nde,1,0.00000096
2554,dort,1,0.00000096
2555,thôn,1,0.00000096
2556,deiem,1,0.00000096
2557,duim,1,0.00000096
2558,fôr,1,0.00000096
2559,ncheu,1,0.00000096
2560,rah,1,0.00000096
2561,hm,1,0.00000096
2562,grem,1,0.00000096
2563,fém,1,0.00000096
2564,hã,1,0.00000096
2565,áths,1,0.00000096
2566,pell,1,0.00000096
2567,gál,1,0.00000096
2568,mód,1,0.00000096
2569,friou,1,0.00000096
2570,prés,1,0.00000096
2571,fert,1,0.00000096
2572,aioi,1,0.00000096
2573,khe,1,0.00000096
2574,tria,1,0.00000096
2575,plin,1,0.00000096
2576,zel,1,0.00000096
2577,vrá,1,0.00000096
2578,jás,1,0.00000096
2579,fê,1,0.00000096
2580,nts,1,0.00000096
2581,xios,1,0.00000096
2582,ndi,1,0.00000096
2583,tlan,1,0.00000096
2584,toi,1,0.00000096
2585,nís,1,0.00000096
2586,miorcs,1,0.00000096
2587,ruir,1,0.00000096
2588,gár,1,0.00000096
2589,trias,1,0.00000096
2590,caio,1,0.00000096
2591,huorn,1,0.00000096
2592,trir,1,0.00000096
2593,hrihyr,1,0.00000096
2594,ji,1,0.00000096
2595,rrr,1,0.00000096
2596,nvo,1,0.00000096
2597,fiei,1,0.00000096
2598,deie,1,0.00000096
2599,ssss,1,0.00000096
2600,poios,1,0.00000096
2601,riss,1,0.00000096
2602,pesss,1,0.00000096
2603,sssór,1,0.00000096
2604,ssór,1,0.00000096
2605,mosss,1,0.00000096
2606,gah,1,0.00000096
2607,gie,1,0.00000096
2608,peixx,1,0.00000096
2609,biar,1,0.00000096
2610,brrr,1,0.00000096
2611,plú,1,0.00000096
2612,cuos,1,0.00000096
2613,praiou,1,0.00000096
2614,xio,1,0.00000096
2615,diur,1,0.00000096
2616,ssssim,1,0.00000096
2617,bú,1,0.00000096
2618,gies,1,0.00000096
2619,dria,1,0.00000096
2620,pssiu,1,0.00000096
2621,juiz,1,0.00000096
2622,kún,1,0.00000096
2623,ncá,1,0.00000096
2624,ciõ,1,0.00000096
2625,rál,1,0.00000096
2626,rmam,1,0.00000096
2627,tins,1,0.00000096
2628,mess,1,0.00000096
2629,poiá,1,0.00000096
2630,suo,1,0.00000096
2631,menss,1,0.00000096
2632,saiõ,1,0.00000096
2633,sguei,1,0.00000096
2634,clip,1,0.00000096
2635,cral,1,0.00000096
2636,saiou,1,0.00000096
2637,bês,1,0.00000096
2638,creio,1,0.00000096
2639,tiais,1,0.00000096
2640,sian,1,0.00000096
2641,liant,1,0.00000096
2642,móias,1,0.00000096
2643,nús,1,0.00000096
2644,ngu,1,0.00000096
2645,rut,1,0.00000096
2646,yoi,1,0.00000096
2647,dran,1,0.00000096
2648,fõ,1,0.00000096
2649,rr,1,0.00000096
2650,búr,1,0.00000096
2651,maiou,1,0.00000096
2652,uft,1,0.00000096
2653,hak,1,0.00000096
2654,jô,1,0.00000096
2655,fiem,1,0.00000096
2656,téis,1,0.00000096
2657,maiei,1,0.00000096
2658,nviem,1,0.00000096
2659,zém,1,0.00000096
2660,bois,1,0.00000096
2661,ruéis,1,0.00000096
2662,pór,1,0.00000096
2663,caiar,1,0.00000096
2664,nhês,1,0.00000096
2665,heio,1,0.00000096
2666,nso,1,0.00000096
2667,lang,1,0.00000096
2668,bleia,1,0.00000096
2669,guo,1,0.00000096
2670,ziar,1,0.00000096
2671,nholt,1,0.00000096
2672,nund,1,0.00000096
2673,sês,1,0.00000096
2674,aia,1,0.00000096
2675,lhelm,1,0.00000096
2676,wo,1,0.00000096
2677,mpre,1,0.00000096
2678,hán,1,0.00000096
2679,elt,1,0.00000096
2680,hehn,1,0.00000096
2681,rrom,1,0.00000096
2682,ruia,1,0.00000096
2683,cáus,1,0.00000096
2684,rgui,1,0.00000096
2685,teie,1,0.00000096
2686,goz,1,0.00000096
2687,híl,1,0.00000096
2688,vic,1,0.00000096
2689,mog,1,0.00000096
2690,rims,1,0.00000096
2691,gling,1,0.00000096
2692,guth,1,0.00000096
2693,gô,1,0.00000096
2694,póie,1,0.00000096
2695,gus,1,0.00000096
2696,frie,1,0.00000096
2697,vér,1,0.00000096
2698,nvin,1,0.00000096
2699,ncha,1,0.00000096
2700,plei,1,0.00000096
2701,hà,1,0.00000096
2702,alfl,1,0.00000096
2703,zie,1,0.00000096
2704,mua,1,0.00000096
2705,lmra,1,0.00000096
2706,dém,1,0.00000096
2707,spiou,1,0.00000096
2708,bug,1,0.00000096
2709,duf,1,0.00000096
2710,gash,1,0.00000096
2711,vrõ,1,0.00000096
2712,tarks,1,0.00000096
2713,rra,1,0.00000096
2714,fluas,1,0.00000096
2715,mpo,1,0.00000096
2716,míth,1,0.00000096
2717,scon,1,0.00000096
2718,boios,1,0.00000096
2719,léu,1,0.00000096
2720,frê,1,0.00000096
2721,dom,1,0.00000096
2722,haus,1,0.00000096
2723,sssu,1,0.00000096
2724,cís,1,0.00000096
2725,truan,1,0.00000096
2726,spre,1,0.00000096
2727,cuio,1,0.00000096
2728,nann,1,0.00000096
2729,metl,1,0.00000096
2730,llhelm,1,0.00000096
2731,tenn,1,0.00000096
2732,vien,1,0.00000096
2733,lat,1,0.00000096
2734,lthi,1,0.00000096
2735,laf,1,0.00000096
2736,ngia,1,0.00000096
2737,quiz,1,0.00000096
2738,row,1,0.00000096
2739,ntrou,1,0.00000096
2740,uiou,1,0.00000096
2741,buem,1,0.00000096
2742,st,1,0.00000096
2743,nva,1,0.00000096
2744,sbo,1,0.00000096
2745,caian,1,0.00000096
2746,feias,1,0.00000096
2747,fiã,1,0.00000096
2748,yue,1,0.00000096
2749,nick,1,0.00000096
2750,nibs,1,0.00000096
2751,víl,1,0.00000096
2752,nsaiou,1,0.00000096
2753,cuem,1,0.00000096
2754,feiu,1,0.00000096
2755,xur,1,0.00000096
2756,mper,1,0.00000096
2757,louo,1,0.00000096
2758,bial,1,0.00000096
2759,viais,1,0.00000096
2760,frêm,1,0.00000096
2761,xcer,1,0.00000096
2762,nser,1,0.00000096
2763,dior,1,0.00000096
2764,uor,1,0.00000096
2765,kal,1,0.00000096
2766,bêth,1,0.00000096
2767,tarm,1,0.00000096
2768,nà,1,0.00000096
2769,meld,1,0.00000096
2770,naid,1,0.00000096
2771,zim,1,0.00000096
2772,rathûn,1,0.00000096
2773,kalt,1,0.00000096
2774,zôr,1,0.00000096
2775,siar,1,0.00000096
2776,rodr,1,0.00000096
2777,marth,1,0.00000096
2778,laith,1,0.00000096
2779,lep,1,0.00000096
2780,harn,1,0.00000096
2781,vorn,1,0.00000096
2782,suil,1,0.00000096
2783,dreth,1,0.00000096
2784,moth,1,0.00000096
2785,chte,1,0.00000096
2786,glan,1,0.00000096
2787,cluia,1,0.00000096
2788,rbu,1,0.00000096
2789,grís,1,0.00000096
2790,diii,1,0.00000096
2791,mín,1,0.00000096
2792,uc,1,0.00000096
2793,cóg,1,0.00000096
2794,gíl,1,0.00000096
2795,iiath,1,0.00000096
2796,gír,1,0.00000096
2797,tiou,1,0.00000096
2798,leh,1,0.00000096
2799,rant,1,0.00000096
2800,nín,1,0.00000096
2801,féns,1,0.00000096
2802,gab,1,0.00000096
2803,nci,1,0.00000096
2804,lbo,1,0.00000096
2805,íh,1,0.00000096
2806,nviar,1,0.00000096
2807,ûn,1,0.00000096
2808,ruost,1,0.00000096
2809,úm,1,0.00000096
2810,ritll,1,0.00000096
2811,tén,1,0.00000096
2812,haudh,1,0.00000096
2813,gwa,1,0.00000096
2814,nviou,1,0.00000096
2815,suia,1,0.00000096
2816,aior,1,0.00000096
2817,arwcn,1,0.00000096
2818,nod,1,0.00000096
2819,suin,1,0.00000096
2820,lef,1,0.00000096
2821,belmyn,1,0.00000096
2822,ldor,1,0.00000096
2823,hild,1,0.00000096
2824,brytta,1,0.00000096
2825,cred,1,0.00000096
2826,mach,1,0.00000096
2827,dnew,1,0.00000096
2828,qe,1,0.00000096
2829,tuam,1,0.00000096
2830,grod,1,0.00000096
2831,zín,1,0.00000096
2832,frór,1,0.00000096
2833,bot,1,0.00000096
2834,dín,1,0.00000096
2835,náin,1,0.00000096
2836,hó,1,0.00000096
2837,olg,1,0.00000096
2838,tín,1,0.00000096
2839,tuin,1,0.00000096
2840,hín,1,0.00000096
2841,sà,1,0.00000096
2842,dúr,1,0.00000096
2843,zõn,1,0.00000096
2844,suiam,1,0.00000096
2845,ncên,1,0.00000096
2846,frui,1,0.00000096
2847,licn,1,0.00000096
2848,fár,1,0.00000096
2849,buc,1,0.00000096
2850,sum,1,0.00000096
2851,rím,1,0.00000096
2852,smlals,1,0.00000096
2853,nsu,1,0.00000096
2854,ned,1,0.00000096
2855,honn,1,0.00000096
2856,bard,1,0.00000096
2857,thíl,1,0.00000096
2858,mit,1,0.00000096
2859,brui,1,0.00000096
2860,dâ,1,0.00000096
2861,drú,1,0.00000096
2862,durt,1,0.00000096
2863,vram,1,0.00000096
2864,ryn,1,0.00000096
2865,strei,1,0.00000096
2866,pán,1,0.00000096
2867,bens,1,0.00000096
2868,fluen,1,0.00000096
2869,quiê,1,0.00000096
2870,quier,1,0.00000096
2871,huil,1,0.00000096
2872,rhíw,1,0.00000096
2873,chuir,1,0.00000096
2874,quell,1,0.00000096
2875,rman,1,0.00000096
2876,rany,1,0.00000096
2877,cits,1,0.00000096
2878,tarè,1,0.00000096
2879,vié,1,0.00000096
2880,nimè,1,0.00000096
2881,miê,1,0.00000096
2882,liè,1,0.00000096
2883,simè,1,0.00000096
2884,gwi,1,0.00000096
2885,ríth,1,0.00000096
2886,veth,1,0.00000096
2887,miin,1,0.00000096
2888,lib,1,0.00000096
2889,rva,1,0.00000096
2890,baie,1,0.00000096
2891,ldú,1,0.00000096
2892,rody,1,0.00000096
2893,nuá,1,0.00000096
2894,liin,1,0.00000096
2895,cèdia,1,0.00000096
2896,hrivè,1,0.00000096
2897,uial,1,0.00000096
2898,duial,1,0.00000096
2899,ke,1,0.00000096
2900,bach,1,0.00000096
2901,clot,1,0.00000096
2902,hes,1,0.00000096
2903,rass,1,0.00000096
2904,get,1,0.00000096
2905,gild,1,0.00000096
2906,ht,1,0.00000096
2907,cht,1,0.00000096
2908,echt,1,0.00000096
2909,achf,1,0.00000096
2910,you,1,0.00000096
2911,iar,1,0.00000096
2912,let,1,0.00000096
2913,bell,1,0.00000096
2914,fill,1,0.00000096
2915,fioi,1,0.00000096
2916,sl,1,0.00000096
2917,ph,1,0.00000096
2918,alph,1,0.00000096
2919,qu,1,0.00000096
2920,cw,1,0.00000096
2921,sri,1,0.00000096
2922,glish,1,0.00000096
2923,cloth,1,0.00000096
2924,whi,1,0.00000096
2925,hew,1,0.00000096
2926,eht,1,0.00000096
2927,iht,1,0.00000096
2928,sy,1,0.00000096
2929,khy,1,0.00000096
2930,tt,1,0.00000096
2931,chann,1,0.00000096
2932,chand,1,0.00000096
2933,mm,1,0.00000096
2934,thond,1,0.00000096
2935,ond,1,0.00000096
2936,ivg,1,0.00000096
2937,leii,1,0.00000096
2938,sey,1,0.00000096
2939,dttn,1,0.00000096
2940,fern,1,0.00000096
2941,rye,1,0.00000096
2942,ray,1,0.00000096
2943,grey,1,0.00000096
2944,boy,1,0.00000096
2945,loud,1,0.00000096
2946,how,1,0.00000096
2947,laud,1,0.00000096
2948,isll,1,0.00000096
2949,nnath,1,0.00000096
2950,sill,1,0.00000096
2951,hack,1,0.00000096
2952,out,1,0.00000096
2953,nór,1,0.00000096
2954,èo,1,0.00000096
2955,bald,1,0.00000096
2956,ttw,1,0.00000096
2957,coin,1,0.00000096
2958,ngert,1,0.00000096
2959,biais,1,0.00000096
2960,dop,1,0.00000096
2961,dok,1,0.00000096
2962,âm,1,0.00000096
2963,etc,1,0.00000096
2964,ich,1,0.00000096
2965,khw,1,0.00000096
2966,raus,1,0.00000096
2967,nh,1,0.00000096
2968,hn,1,0.00000096
2969,ngw,1,0.00000096
2970,lv,1,0.00000096
2971,lw,1,0.00000096
2972,lb,1,0.00000096
2973,hnb,1,0.00000096
2974,nqu,1,0.00000096
2975,ih,1,0.00000096
2976,duais,1,0.00000096
2977,daith,1,0.00000096
2978,nhol,1,0.00000096
2979,ung,1,0.00000096
2980,thú,1,0.00000096
2981,ngol,1,0.00000096
2982,nwal,1,0.00000096
2983,ngwal,1,0.00000096
2984,wil,1,0.00000096
2985,chw,1,0.00000096
2986,rún,1,0.00000096
2987,sth,1,0.00000096
2988,but,1,0.00000096
2989,plia,1,0.00000096
2990,lings,1,0.00000096
2991,dunn,1,0.00000096
2992,land,1,0.00000096
2993,enyd,1,0.00000096
2994,lóm,1,0.00000096
2995,èa,1,0.00000096
2996,orch,1,0.00000096
2997,gül,1,0.00000096
2998,dür,1,0.00000096
2999,nâkh,1,0.00000096
3000,shar,1,0.00000096
3001,rolls,1,0.00000096
3002,roll,1,0.00000096
3003,rukk,1,0.00000096
3004,lheia,1,0.00000096
3005,ük,1,0.00000096
3006,sór,1,0.00000096
3007,nda,1,0.00000096
3008,ün,1,0.00000096
3009,lhün,1,0.00000096
3010,kar,1,0.00000096
3011,win,1,0.00000096
3012,sûza,1,0.00000096
3013,bop,1,0.00000096
3014,frân,1,0.00000096
3015,clás,1,0.00000096
3016,nhís,1,0.00000096
3017,mac,1,0.00000096
3018,brai,1,0.00000096
3019,gad,1,0.00000096
3020,xãs,1,0.00000096
3021,wis,1,0.00000096
3022,hámf,1,0.00000096
3023,cest,1,0.00000096
3024,guiei,1,0.00000096
3025,tuiu,1,0.00000096
3026,máthm,1,0.00000096
3027,kast,1,0.00000096
3028,kas,1,0.00000096
3029,smi,1,0.00000096
3030,smygel,1,0.00000096
3031,dwarf,1,0.00000096
3032,dwarfs,1,0.00000096
3033,dwer,1,0.00000096
3034,cló,1,0.00000096
3035,phu,1,0.00000096
3036,düm,1,0.00000096
3037,küd,1,0.00000096
3038,kud,1,0.00000096
3039,lab,1,0.00000096
3040,midj,1,0.00000096
3041,midgy,1,0.00000096
3042,kú,1,0.00000096
3043,most,1,0.00000096
3044,rhún,1,0.00000096
3045,tue,1,0.00000096
3046,emy,1,0.00000096
3047,nijr,1,0.00000096
3048,jóias,1,0.00000096
3049,owy,1,0.00000096
3050,bolg,1,0.00000096
3051,riun,1,0.00000096
3052,tük,1,0.00000096
3053,jóia,1,0.00000096
3054,say,1,0.00000096
3055,fias,1,0.00000096
3056,yêy,1,0.00000096
3057,nôu,1,0.00000096
3058,nün,1,0.00000096
3059,rün,1,0.00000096
3060,fluên,1,0.00000096
3061,oc,1,0.00000096
3062,sion,1,0.00000096
3063,clm,1,0.00000096
3064,cl,1,0.00000096
3065,dey,1,0.00000096
3066,caps,1,0.00000096
3067,laua,1,0.00000096
3068,ritm,1,0.00000096
3069,bwú,1,0.00000096
3070,dot,1,0.00000096
3071,town,1,0.00000096
